회사명,거래소코드,회계년도,종합등급,환경,사회,지배구조,한국ESG연구소,Moody's,MSCI,S&P
AJ네트웍스,95570,2021,B,D,B,B,-,-,-,-
AK홀딩스,6840,2021,B+,B,B+,B+,-,-,-,1
BGF,27410,2021,A,A,A+,A,-,-,-,13
BGF리테일,282330,2021,A,A,A+,A,S,-,BBB,11
BNK금융지주,138930,2021,A+,A,A+,A+,A,-,A,38
BYC,1460,2021,B,D,B,B+,-,-,-,-
CJ,1040,2021,A,B+,A+,A,A,-,BBB,16
CJ CGV,79160,2021,A,B,A+,B+,-,-,-,12
CJ대한통운,120,2021,A,A,A+,A,A,-,BBB,62
CJ씨푸드,11150,2021,B,C,B+,B+,-,-,-,-
CJ제일제당,97950,2021,A,A,A+,A,S,-,A,78
CS홀딩스,590,2021,B,D,C,B+,-,-,-,-
DB,12030,2021,B,D,B+,B+,-,-,-,-
DB금융투자,16610,2021,B,D,B+,B,-,-,-,-
DB손해보험,5830,2021,A,A,A+,B+,A,-,BBB,57
DB하이텍,990,2021,A,A,A,A,A,-,-,17
DGB금융지주,139130,2021,A+,A,A+,A+,-,-,-,67
DL,210,2021,A,A+,A+,B+,B+,-,B,24
DL건설,1880,2021,B+,B+,A,B+,-,-,-,-
DL이앤씨,375500,2021,-,-,-,-,B+,-,-,29
DN오토모티브,7340,2021,B,B,C,B+,-,-,-,-
DRB동일,4840,2021,B+,B,B+,B+,-,-,-,-
DSR,155660,2021,B,B,B,B,-,-,-,-
DSR제강,69730,2021,C,C,C,B+,-,-,-,-
E1,17940,2021,B+,B+,A,B+,-,-,-,-
ESR켄달스퀘어리츠,0,2021,-,-,-,-,-,-,-,-
F&F,0,2021,-,-,-,-,-,-,-,3
F&F 홀딩스,7700,2021,B+,B+,A,B+,-,-,CCC,4
GKL,114090,2021,B+,B+,B+,B+,A+,-,-,4
GS,78930,2021,A,A,A,A,B,-,BBB,4
GS건설,6360,2021,A,A,A+,A,B+,-,BBB,66
GS글로벌,1250,2021,B+,B,B+,A,-,-,-,-
GS리테일,7070,2021,A,A,A,A,A,-,BB,4
HDC,12630,2021,B+,B,B+,A,-,-,-,2
HDC랩스,39570,2021,B,C,B,B+,-,-,-,-
HDC현대EP,89470,2021,B+,B,B+,B+,-,-,-,-
HDC현대산업개발,294870,2021,B,B,C,B+,B,-,B,4
HD현대,267250,2021,A,A,A+,A,A,-,BB,13
HJ중공업,97230,2021,B,C,B,B+,-,-,-,-
HL D&I,14790,2021,B+,B+,B+,B+,-,-,-,-
HLB글로벌,3580,2021,C,D,C,B,-,-,-,-
HL만도,204320,2021,A,B+,A+,A,A+,-,-,37
HL홀딩스,60980,2021,A,B,A+,A,-,-,-,18
HMM,11200,2021,A,A,A+,A,A,-,BB,29
HSD엔진,82740,2021,A,B+,A,A,-,-,-,-
JB금융지주,175330,2021,A+,A,A+,A+,-,-,-,55
JW생명과학,234080,2021,B,B,B+,B,-,-,-,9
JW중외제약,1060,2021,B,C,B+,B+,-,-,-,8
JW홀딩스,96760,2021,B,D,B+,B+,-,-,-,8
KB금융,0,2021,A+,A+,A+,A+,A,-,AA,89
KC그린홀딩스,9440,2021,B,D,C,B+,-,-,-,-
KC코트렐,119650,2021,C,D,C,B+,-,-,-,-
KEC,92220,2021,B,B,B+,B,-,-,-,-
KG스틸,16380,2021,B,B+,B,B,A,-,-,-
KG케미칼,1390,2021,C,C,C,B,-,-,-,2
KH 필룩스,33180,2021,C,C,B,C,-,-,-,-
KISCO홀딩스,1940,2021,B,B,B,B,-,-,-,-
KPX케미칼,25000,2021,C,B,C,C,-,-,-,-
KPX홀딩스,92230,2021,B,B,C,B+,-,-,-,-
KR모터스,40,2021,C,D,C,B,-,-,-,-
KSS해운,44450,2021,A,B+,A+,A,-,-,-,-
KTcs,58850,2021,A,B+,A,A,-,-,-,-
KTis,58860,2021,A,B+,A+,A,-,-,-,-
LF,93050,2021,B,D,B,B+,-,-,-,4
LG,3550,2021,A,A,A+,A,B+,-,BBB,18
LG디스플레이,34220,2021,B+,B,A,B+,A+,-,AA,59
LG생활건강,51900,2021,A,A,A+,A,A,-,A,80
LG에너지솔루션,0,2021,-,-,-,-,-,-,-,26
LG유플러스,32640,2021,A,A,A+,A,B+,-,BB,30
LG이노텍,11070,2021,A,A,A+,A,A,-,BBB,72
LG전자,66570,2021,A,A,A+,A,A+,-,A,75
LG헬로비전,37560,2021,B+,C,A,A,-,-,-,3
LG화학,51910,2021,B+,B+,A,B+,B+,-,BBB,62
LIG넥스원,79550,2021,A,A,A+,A,S,-,-,5
LS,6260,2021,A,B+,A+,B+,B+,-,-,1
LS네트웍스,680,2021,C,D,C,B,-,-,-,-
LS전선아시아,229640,2021,B,D,C,B+,-,-,-,-
LX세미콘,108320,2021,B+,B,B+,B+,-,-,-,7
LX인터내셔널,1120,2021,A,A,A+,A,B+,-,-,19
LX하우시스,108670,2021,A,A,A+,A,-,-,-,62
LX홀딩스,0,2021,-,-,-,-,-,-,-,-
MH에탄올,23150,2021,B,B,D,B+,-,-,-,-
NAVER,35420,2021,A+,A,A,A+,A,-,AAA,24
NH투자증권,5940,2021,A,A,A+,A,B+,-,BB,22
NICE,34310,2021,B+,B,A,B+,-,-,-,9
NI스틸,8260,2021,C,D,C,B,-,-,-,-
OCI,10060,2021,A,B+,A+,A,A+,-,BB,57
PI첨단소재,178920,2021,B+,B+,B,B+,A,-,-,5
POSCO홀딩스,5490,2021,A,A,B+,A+,A,-,BBB,76
S-Oil,10950,2021,A,B+,A+,A+,A+,-,BB,89
SBS,34120,2021,B,D,B+,B+,-,-,-,-
SGC에너지,5090,2021,B+,B+,A,B+,-,-,-,-
SG글로벌,1380,2021,C,C,C,C,-,-,-,-
SG세계물산,4060,2021,C,D,B,C,-,-,-,-
SHD,1770,2021,C,D,C,B,-,-,-,-
SH에너지화학,2360,2021,B,B,D,B+,-,-,-,-
SIMPAC,9160,2021,B,B,B,B,-,-,-,-
SK,34730,2021,A+,A+,A+,A+,A+,-,AA,76
SKC,11790,2021,A,A,A+,B+,A+,-,BB,25
SK가스,18670,2021,A,A,A+,A,-,-,-,30
SK네트웍스,1740,2021,A,B+,A+,A,A,-,-,42
SK디스커버리,6120,2021,A,A,A+,A,A+,-,-,34
SK디앤디,210980,2021,A,A,A+,A,-,-,-,1
SK렌터카,68400,2021,A,B+,A+,B+,-,-,-,28
SK바이오사이언스,302440,2021,-,-,-,-,B+,-,B,25
SK스퀘어,0,2021,-,-,-,-,-,-,-,-
SK아이이테크놀로지,0,2021,-,-,-,-,-,-,BB,24
SK이노베이션,96770,2021,A+,A,A+,A+,B+,-,A,77
SK증권,1510,2021,B+,C,A,B+,-,-,-,7
SK케미칼,285130,2021,A,A,A+,A,A+,-,BBB,58
SK텔레콤,17670,2021,A,A,A+,A,A+,-,A,88
SK하이닉스,660,2021,A,B+,A+,A,A+,-,A,79
SNT다이내믹스,0,2021,B,B,C,B,-,-,-,2
SNT모티브,64960,2021,B,C,B,B+,B+,-,-,11
SNT에너지,100840,2021,B,B,B,B,-,-,-,-
SNT홀딩스,36530,2021,B+,B,B,B+,-,-,-,-
SPC삼립,5610,2021,B+,B,A,B+,-,-,-,2
STX,11810,2021,B,D,B,B+,-,-,-,-
STX엔진,77970,2021,B+,B,B,B+,-,-,-,-
STX중공업,71970,2021,B,C,B,B+,-,-,-,-
SUN&L,2820,2021,B+,B,B,B+,-,-,-,-
TCC스틸,2710,2021,B,B,C,B,-,-,-,-
TYM,2900,2021,A,B+,A+,B+,-,-,-,-
WISCOM,24070,2021,C,C,C,B+,-,-,-,-
YG PLUS,37270,2021,C,D,C,B,-,-,-,-
가온전선,500,2021,B+,B,B+,B+,-,-,-,-
강남제비스코,860,2021,B,B,B,B+,-,-,-,-
강원랜드,35250,2021,A,B+,A,A,A,-,BB,52
갤럭시아에스엠,11420,2021,C,D,D,B,-,-,-,-
경농,2100,2021,B,B,B,B,-,-,-,-
경동나비엔,9450,2021,B+,B+,B+,B+,-,-,-,4
경동도시가스,267290,2021,A,B+,A,A,-,-,-,-
경동인베스트,12320,2021,B+,B+,A,B+,-,-,-,-
경방,50,2021,C,C,C,B+,-,-,-,-
경보제약,214390,2021,B+,B+,A,B+,-,-,-,11
경인양행,12610,2021,C,C,B,B,-,-,-,3
경인전자,9140,2021,C,D,C,B,-,-,-,-
계룡건설산업,13580,2021,C,D,D,B+,-,-,-,4
계양전기,12200,2021,B,B,B+,B,-,-,-,-
고려산업,2140,2021,C,C,D,B,-,-,-,-
고려아연,10130,2021,B,B+,C,B+,A,-,B,7
고려제강,2240,2021,B+,B+,B,B+,-,-,-,-
광동제약,9290,2021,B,C,B+,B+,-,-,-,10
광명전기,17040,2021,C,C,D,B,-,-,-,-
광전자,17900,2021,B,C,B,B+,-,-,-,-
광주신세계,37710,2021,A,B+,A,A,-,-,-,-
교보증권,30610,2021,B,D,B+,B,-,-,-,-
교촌에프앤비,339770,2021,-,-,-,-,-,-,-,-
국도화학,7690,2021,B,B,C,B+,-,-,-,5
국동,5320,2021,B,D,B,B+,-,-,-,-
국보,1140,2021,D,D,D,C,-,-,-,-
국제약품,2720,2021,B,D,B,B+,-,-,-,-
그린케미칼,83420,2021,B,B,C,B,-,-,-,-
극동유화,14530,2021,B,B,C,B,-,-,-,-
금강공업,14280,2021,C,C,C,B+,-,-,-,-
금비,8870,2021,C,C,C,B,-,-,-,-
금양,1570,2021,C,D,C,B+,-,-,-,-
금호건설,2990,2021,C,C,D,C,-,-,-,8
금호석유화학,11780,2021,B+,B,A,A,A,-,B,23
금호에이치티,214330,2021,C,C,C,B,-,-,-,-
금호전기,1210,2021,B,C,B,B+,-,-,-,-
금호타이어,73240,2021,B+,B+,A,B+,B+,-,-,19
기신정기,92440,2021,C,D,C,B,-,-,-,-
기아,270,2021,A+,A+,A+,A,A+,-,B,63
기업은행,24110,2021,A,A,A+,A,B+,-,B,31
까뮤이앤씨,13700,2021,C,D,C,B+,-,-,-,-
깨끗한나라,4540,2021,B,B+,B,B,-,-,-,-
남광토건,1260,2021,C,D,C,B,-,-,-,-
남선알미늄,8350,2021,C,C,B,B,-,-,-,4
남성,4270,2021,C,D,C,B,-,-,-,-
남양유업,3920,2021,B+,B+,B+,B+,-,-,-,-
남해화학,25860,2021,B,C,B,B+,-,-,-,2
넥센,5720,2021,B+,B+,A,B,-,-,-,-
넥센타이어,2350,2021,B+,B+,A,B+,A+,-,-,31
넷마블,251270,2021,B+,D,B+,A,B+,-,BBB,4
노루페인트,90350,2021,A,A,A+,B+,-,-,-,-
노루홀딩스,320,2021,A,A,A+,B+,-,-,-,-
녹십자,6280,2021,B+,B+,B+,B+,B+,-,CCC,7
녹십자홀딩스,5250,2021,B+,B+,B+,B+,B+,-,-,5
농심,4370,2021,B+,B,A,B,A,-,-,4
농심홀딩스,72710,2021,B+,B,A,B+,-,-,-,-
다스코,58730,2021,B,B,C,B+,-,-,-,-
다올투자증권,30210,2021,B+,C,A,B+,-,-,-,6
다우기술,23590,2021,B+,B,A,B+,-,-,-,4
다이나믹디자인,145210,2021,C,C,C,C,-,-,-,-
대교,19680,2021,B+,D,B+,A,-,-,-,-
대구백화점,6370,2021,B,D,B+,B+,-,-,-,-
대덕,8060,2021,A,B+,A,A,-,-,-,6
대덕전자,353200,2021,-,-,-,-,-,-,-,-
대동,490,2021,B+,B,B,B+,-,-,-,-
대동전자,8110,2021,C,C,C,B+,-,-,-,-
대림비앤코,5750,2021,C,C,C,B+,-,-,-,-
대림통상,6570,2021,C,C,C,C,-,-,-,-
대상,1680,2021,A,A,A+,B+,B+,-,-,29
대상홀딩스,84690,2021,A,A,A+,B+,-,-,-,-
대성산업,128820,2021,C,C,C,B+,-,-,-,-
대성에너지,117580,2021,B,B,B,B,-,-,-,-
대성홀딩스,16710,2021,B,C,B+,B,-,-,-,-
대신증권,3540,2021,A,B,A+,A,-,-,-,19
대양금속,9190,2021,C,C,C,B,-,-,-,-
대영포장,14160,2021,C,C,C,C,-,-,-,-
대우건설,47040,2021,A,B+,A,A,B+,-,B,33
대우부품,9320,2021,C,C,C,B,-,-,-,-
대우조선해양,42660,2021,A,B,A+,A,B+,-,CCC,20
대웅,3090,2021,B,D,B+,B,B+,-,-,8
대웅제약,69620,2021,C,D,B,B,B,-,-,11
대원강업,430,2021,B,B,C,B+,-,-,-,-
대원전선,6340,2021,C,C,C,B,-,-,-,-
대원제약,3220,2021,B,D,B,B+,-,-,-,4
대원화성,24890,2021,B,B,B,B+,-,-,-,-
대유에이텍,2880,2021,C,C,C,B,-,-,-,-
대유플러스,300,2021,C,C,C,C,-,-,-,-
대창,12800,2021,C,B,B,C,-,-,-,-
대창단조,15230,2021,B,B,C,B+,-,-,-,-
대한방직,1070,2021,C,C,C,B+,-,-,-,-
대한유화,6650,2021,B,B,B,B+,B+,-,-,2
대한전선,1440,2021,A,A,A+,A,A,-,-,9
대한제강,84010,2021,B,B,B,B,-,-,-,-
대한제당,1790,2021,B,B,C,B+,-,-,-,-
대한제분,1130,2021,B,C,C,B+,-,-,-,4
대한항공,3490,2021,A,A,A+,A,A,-,BB,25
대한해운,5880,2021,B,D,B,B+,-,-,-,6
대한화섬,3830,2021,B+,B,B+,B+,-,-,-,-
대현,16090,2021,B,D,B,B+,-,-,-,-
대호에이엘,69460,2021,B,B,C,B,-,-,-,-
더블유게임즈,192080,2021,B,D,B+,B+,B+,-,-,1
더존비즈온,12510,2021,B,C,B,B,-,-,BB,6
덕성,4830,2021,C,C,C,B+,-,-,-,-
덕양산업,24900,2021,C,C,C,B,-,-,-,-
덴티움,145720,2021,B,D,B,B+,-,-,-,-
도화엔지니어링,2150,2021,B+,B,B,B+,-,-,-,5
동국제강,1230,2021,B+,B+,B,B+,A,-,-,9
동남합성,23450,2021,C,D,C,B,-,-,-,-
동방,4140,2021,C,B,D,B,-,-,-,-
동방아그로,7590,2021,C,D,C,B+,-,-,-,-
동부건설,5960,2021,C,C,D,B+,-,-,-,-
동서,26960,2021,C,D,C,B,B,-,-,1
동성제약,2210,2021,C,D,C,B+,-,-,-,6
동성케미컬,102260,2021,B+,B,B+,B+,-,-,-,6
동아쏘시오홀딩스,640,2021,A,B+,A+,A,-,-,-,20
동아에스티,170900,2021,A,B+,A+,A,-,-,-,9
동아지질,28100,2021,C,D,D,B,-,-,-,3
동아타이어,282690,2021,C,D,C,B+,-,-,-,-
동양,1520,2021,C,C,C,B+,-,-,-,4
동양고속,84670,2021,B,C,C,B+,-,-,-,-
동양생명,82640,2021,B+,C,A,B+,-,-,-,3
동양철관,8970,2021,C,D,D,B,-,-,-,2
동양피스톤,92780,2021,B,B,C,B+,-,-,-,-
동원F&B,49770,2021,B+,B,A,B,B+,-,-,4
동원금속,18500,2021,C,D,C,B+,-,-,-,-
동원산업,6040,2021,B,C,B+,B+,B,-,-,6
동원수산,30720,2021,C,D,C,B+,-,-,-,-
동원시스템즈,14820,2021,B,C,B+,B,A,-,-,4
동일고무벨트,163560,2021,B+,B,B+,B+,-,-,-,-
동일산업,4890,2021,B,B,C,B+,-,-,-,-
동일제강,2690,2021,C,C,C,B,-,-,-,-
동화약품,20,2021,B,D,B+,B,-,-,-,8
두산,150,2021,A,A,A+,B+,A,-,-,72
두산밥캣,241560,2021,B+,C,A,A,A,-,BB,19
두산에너빌리티,34020,2021,A,A+,A,B+,A,-,B,71
두산퓨얼셀,336260,2021,B+,B,A,A,B+,-,-,5
두올,16740,2021,B,C,B,B+,-,-,-,-
드림텍,192650,2021,C,C,C,B+,-,-,-,-
디씨엠,24090,2021,C,D,C,B+,-,-,-,-
디아이,3160,2021,B,D,B,B+,-,-,-,-
디아이동일,1530,2021,C,D,C,B+,-,-,-,-
디아이씨,92200,2021,C,C,C,B,-,-,-,-
디와이,13570,2021,B,C,C,B+,-,-,-,-
디와이파워,210540,2021,B,C,C,B+,-,-,-,-
락앤락,115390,2021,C,C,C,B+,-,-,-,3
롯데관광개발,32350,2021,B,D,B,B,B,-,-,3
롯데손해보험,400,2021,A,B,A+,A,-,-,-,7
롯데쇼핑,23530,2021,A,A,A+,A,B+,-,BB,8
롯데정밀화학,4000,2021,A,A,A+,A,A+,-,-,20
롯데정보통신,286940,2021,A,A,A,A,-,-,-,-
롯데제과,280360,2021,A,A,A,A,-,-,-,21
롯데지주,4990,2021,A,B+,A+,A,A,-,BB,4
롯데칠성음료,5300,2021,A,B+,A+,A,A,-,-,3
롯데케미칼,11170,2021,A,B,A+,A,A,-,BBB,35
롯데푸드,0,2021,A,B+,A,A,-,-,-,-
롯데하이마트,71840,2021,A,A,A+,A,-,-,-,24
마니커,27740,2021,C,D,B,B,-,-,-,-
만호제강,1080,2021,C,C,C,B+,-,-,-,-
맵스리얼티1,#N/A,2021,-,-,-,-,-,-,-,1
메리츠금융지주,138040,2021,B+,D,B+,A,B+,-,-,1
메리츠증권,8560,2021,B+,C,A,B+,A,-,CCC,21
메리츠화재,60,2021,B,D,B+,B+,-,-,-,5
메타랩스,90370,2021,C,D,C,B+,-,-,-,-
명문제약,17180,2021,B,D,B,B+,-,-,-,-
명신산업,9900,2021,-,-,-,-,C,-,-,-
모나리자,12690,2021,B,B,C,B,-,-,-,-
모나미,5360,2021,C,D,C,B,-,-,-,-
모토닉,9680,2021,B,B,B,B+,-,-,-,-
무림P&P,9580,2021,A,B+,A,A,-,-,-,-
무림페이퍼,9200,2021,A,B+,B+,A,-,-,-,-
무학,33920,2021,B,D,B,B+,-,-,-,-
문배철강,8420,2021,C,D,C,B,-,-,-,-
미래산업,25560,2021,C,C,C,C,-,-,-,-
미래아이앤지,7120,2021,C,D,C,C,-,-,-,-
미래에셋생명,85620,2021,B+,C,A+,B+,-,-,-,3
미래에셋증권,6800,2021,B,B,C,B,-,-,-,-
미원상사,2840,2021,C,D,C,B,-,-,-,-
미원에스씨,268280,2021,B,B,B,B+,-,-,-,-
미원홀딩스,107590,2021,A,B+,A,A,-,-,-,-
미원화학,134380,2021,A,B+,B+,A,-,-,-,-
미창석유공업,3650,2021,B,D,B,B+,-,-,-,-
방림,3610,2021,C,D,C,B,-,-,-,-
백광산업,1340,2021,C,C,C,C,-,-,-,-
백산,35150,2021,C,D,C,C,-,-,-,-
범양건영,2410,2021,B+,C,A+,B+,-,-,-,3
벽산,7210,2021,B,B+,B,B,-,-,-,-
보락,2760,2021,C,D,C,B,-,-,-,-
보령,3850,2021,B+,B,A,B+,B+,-,-,6
보해양조,890,2021,C,D,C,B,-,-,-,-
부광약품,3000,2021,C,D,D,B+,B,-,-,2
부국증권,1270,2021,C,D,B,C,-,-,-,-
부국철강,26940,2021,C,D,C,B,-,-,-,-
부산산업,11390,2021,C,D,D,B,-,-,-,-
부산주공,5030,2021,C,B,D,B,-,-,-,-
비비안,2070,2021,D,D,C,C,-,-,-,-
비상교육,100220,2021,B,D,B+,B+,-,-,-,-
비케이탑스,30790,2021,C,D,C,C,-,-,-,-
빙그레,5180,2021,A,A,A+,A,-,-,-,9
사조대림,3960,2021,B+,C,A,B+,-,-,-,-
사조동아원,8040,2021,B,C,B,B+,-,-,-,-
사조산업,7160,2021,B,C,B,B+,-,-,-,1
사조씨푸드,14710,2021,B,C,B+,B+,-,-,-,-
사조오양,6090,2021,C,D,B,C,-,-,-,-
삼부토건,1470,2021,C,C,D,B+,-,-,-,-
삼성SDI,6400,2021,A,A,A+,B+,A+,-,A,75
삼성공조,6660,2021,C,C,C,B,-,-,-,-
삼성물산,28260,2021,A,A,A+,A,A,-,A,70
삼성바이오로직스,207940,2021,A,A,A+,A,B+,-,B,56
삼성생명,32830,2021,A,A,A+,B+,B+,-,BBB,41
삼성에스디에스,18260,2021,A,A,A+,A,A+,-,A,76
삼성엔지니어링,28050,2021,A,A,A+,A,A+,-,BBB,68
삼성전기,9150,2021,A,A,A+,B+,S,-,BBB,71
삼성전자,5930,2021,B+,A,A+,B,A,-,A,38
삼성제약,1360,2021,C,D,C,B,-,-,-,6
삼성중공업,10140,2021,B+,B,A,B+,A,-,CCC,51
삼성증권,16360,2021,A,A,A+,B+,A,-,A,76
삼성출판사,68290,2021,C,D,D,B+,-,-,-,-
삼성카드,29780,2021,A,A+,A+,A,A,-,A,10
삼성화재해상보험,810,2021,A,A+,A+,B+,A,-,A,72
삼아알미늄,6110,2021,B,B,C,B+,-,-,-,-
삼양사,145990,2021,A,A,A,B+,-,-,-,4
삼양식품,3230,2021,A,A,A+,A,-,-,-,6
삼양통상,2170,2021,B,C,C,B+,-,-,-,-
삼양패키징,272550,2021,B+,B,B+,B+,-,-,-,-
삼양홀딩스,70,2021,B+,A,A,B,A,-,-,5
삼영무역,2810,2021,B,D,C,B+,-,-,-,3
삼영전자공업,5680,2021,B,B,B,B+,-,-,-,-
삼영화학공업,3720,2021,B,B,C,B,-,-,-,-
삼원강재,23000,2021,C,B,D,B,-,-,-,-
삼익THK,4380,2021,B+,B,B,B+,-,-,-,2
삼익악기,2450,2021,C,D,C,B+,-,-,-,-
삼일씨엔에스,4440,2021,B,C,B,B+,-,-,-,-
삼일제약,520,2021,B,D,B,B+,-,-,-,-
삼정펄프,9770,2021,C,C,D,B,-,-,-,-
삼진제약,5500,2021,B,D,B,B+,-,-,-,7
삼천리,4690,2021,B+,B,A,B+,-,-,-,3
삼호개발,10960,2021,C,D,D,B,-,-,-,-
삼화왕관,4450,2021,B,B,C,B,-,-,-,-
삼화전기,9470,2021,C,C,C,B,-,-,-,-
삼화전자공업,11230,2021,C,C,C,B,-,-,-,-
삼화콘덴서공업,1820,2021,C,C,B,B,-,-,-,5
삼화페인트공업,390,2021,B+,B+,B+,A,-,-,-,-
상상인증권,1290,2021,C,D,B,D,-,-,-,-
상신브레이크,41650,2021,B,B,B,B,-,-,-,-
새론오토모티브,75180,2021,C,C,C,B,-,-,-,-
샘표,7540,2021,B,B,B+,B,-,-,-,-
샘표식품,248170,2021,B,B,B+,B,-,-,-,-
서연,7860,2021,B+,B+,A,B+,-,-,-,-
서연이화,200880,2021,A,B+,A,A,-,-,-,-
서울도시가스,17390,2021,B+,C,B+,A,-,-,-,-
서울식품공업,4410,2021,B+,B,B,B+,-,-,-,-
서원,21050,2021,B,B,C,B+,-,-,-,-
서흥,8490,2021,B,C,B,B+,-,-,-,7
선도전기,7610,2021,C,C,C,B,-,-,-,-
선진,136490,2021,B+,B,A,B,-,-,-,5
성문전자,14910,2021,C,C,C,C,-,-,-,-
성보화학,3080,2021,B,D,B,B+,-,-,-,-
성신양회,4980,2021,B+,B+,B+,B+,-,-,-,16
성안,11300,2021,D,D,C,C,-,-,-,-
성창기업지주,180,2021,C,D,C,C,-,-,-,-
세기상사,2420,2021,C,D,C,B,-,-,-,-
세방,4360,2021,B,B,D,B+,-,-,-,-
세방전지,4490,2021,B,B,B,B+,A,-,-,26
세아베스틸지주,1430,2021,B+,B+,B,B+,-,-,-,2
세아제강,306200,2021,B+,B+,B+,B+,-,-,-,-
세아제강지주,3030,2021,B+,B+,B+,B+,-,-,-,-
세아특수강,19440,2021,B+,B+,B+,B+,-,-,-,-
세아홀딩스,58650,2021,B+,B+,B+,B+,-,-,-,-
세우글로벌,13000,2021,D,D,C,D,-,-,-,-
세원이앤씨,91090,2021,C,D,C,B,-,-,-,1
세원정공,21820,2021,C,C,B,C,-,-,-,-
세이브존I&C,67830,2021,C,D,C,B,-,-,-,-
세종공업,33530,2021,B,B,B,B,-,-,-,-
세진중공업,75580,2021,C,C,C,B+,-,-,-,-
세하,27970,2021,B,B,B,B,-,-,-,-
센트랄모텍,308170,2021,B,D,B,B+,-,-,-,-
셀트리온,68270,2021,B,C,B+,B+,B+,-,B,10
솔루스첨단소재,336370,2021,B,D,B,B+,-,-,-,2
솔루엠,0,2021,-,-,-,-,-,-,-,-
송원산업,4430,2021,C,B,B,C,-,-,-,15
수산중공업,17550,2021,C,D,C,B+,-,-,-,-
스틱인베스트먼트,0,2021,C,D,C,B+,-,-,-,-
시디즈,134790,2021,C,C,C,C,-,-,-,-
신대양제지,16590,2021,C,C,C,B,-,-,-,-
신도리코,29530,2021,C,C,C,B+,-,-,-,3
신라교역,4970,2021,C,D,D,B+,-,-,-,-
신성이엔지,11930,2021,B,B,C,B+,-,-,-,4
신성통상,5390,2021,C,C,C,B,-,-,-,-
신세계,4170,2021,A,A,A+,A,A,-,B,4
신세계I&C,35510,2021,B+,B,B+,A,-,-,-,11
신세계건설,34300,2021,B+,C,A,A,-,-,-,-
신세계인터내셔날,31430,2021,A,B+,A,A,B+,-,-,3
신세계푸드,31440,2021,A,B+,A,A,-,-,-,3
신송홀딩스,6880,2021,C,D,C,B,-,-,-,-
신영와코루,5800,2021,C,D,B,B,-,-,-,-
신영증권,1720,2021,B,D,C,B+,-,-,-,-
신원,9270,2021,C,D,B,B,-,-,-,-
신일전자,2700,2021,C,D,D,B+,-,-,-,2
신풍,2870,2021,B+,B,B,B+,-,-,-,-
신풍제약,19170,2021,B,D,B,B+,B,-,B,6
신한지주,55550,2021,A+,A+,A+,A+,A,-,AA,84
신흥,4080,2021,B,D,B,B,-,-,-,-
쌍방울,102280,2021,C,D,B,C,-,-,-,1
쌍용씨앤이,3410,2021,A,A,A,B+,A,-,-,22
쌍용자동차,3410,2021,B+,B+,B,B+,-,-,-,-
써니전자,4770,2021,C,D,B,B,-,-,-,-
쎌마테라퓨틱스,15540,2021,D,D,C,D,-,-,-,-
씨아이테크,4920,2021,C,D,C,C,-,-,-,-
씨에스윈드,112610,2021,B,B,C,B+,B+,-,-,1
아남전자,8700,2021,C,C,C,B,-,-,-,5
아모레퍼시픽,90430,2021,A,A,A+,A,A+,-,A,79
아모레퍼시픽그룹,2790,2021,A,A,A+,A,A,-,AA,31
아세아,2030,2021,B+,B,B+,B+,-,-,-,-
아세아시멘트,183190,2021,B+,B+,B+,B,-,-,-,13
아세아제지,2310,2021,B,C,B+,B,-,-,-,8
아센디오,12170,2021,C,D,D,B,-,-,-,-
아시아나IDT,267850,2021,D,B,C,D,-,-,-,-
아시아나항공,20560,2021,C,B+,A,D,B+,-,-,5
아이마켓코리아,122900,2021,B,D,B+,B+,-,-,-,7
아이에스동서,10780,2021,B+,B,B+,B+,B+,-,-,1
아이에이치큐,3560,2021,C,D,C,B,-,-,-,2
알루코,1780,2021,C,C,D,B,-,-,-,1
애경산업,18250,2021,A,B+,A+,B+,-,-,-,7
애경케미칼,161000,2021,B,B,C,B,-,-,-,5
에넥스,11090,2021,B,C,B,B,-,-,-,-
에스디바이오센서,137310,2021,-,-,-,-,-,-,-,7
에스엘,5850,2021,B+,B+,B+,B+,A,-,-,9
에스엠벡셀,10580,2021,C,C,C,C,-,-,-,-
에스원,12750,2021,A,B,A,A,B+,-,BB,5
에스제이엠,123700,2021,B,C,B,B+,-,-,-,-
에스제이엠홀딩스,25530,2021,B,C,B,B,-,-,-,-
에스케이바이오팜,0,2021,-,-,-,-,A,-,BBB,7
에쓰씨엔지니어링,23960,2021,C,C,C,B,-,-,-,-
에어부산,298690,2021,C,C,B,D,-,-,-,-
에이블씨엔씨,78520,2021,B+,C,B+,B+,-,-,-,14
에이엔피,15260,2021,C,C,C,B,-,-,-,-
에이프로젠,0,2021,C,D,C,C,-,-,-,-
에이프로젠바이오로직스,0,2021,C,D,C,C,-,-,-,5
에이플러스에셋,244920,2021,-,-,-,-,-,-,-,-
엔씨소프트,36570,2021,A,B+,A,A,A,-,A,16
엔에이치엔,181710,2021,B+,C,A,A,-,-,-,5
엔케이,85310,2021,C,B,C,C,-,-,-,-
엔피씨,4250,2021,C,C,D,C,-,-,-,-
엘브이엠씨,900140,2021,-,-,-,-,-,-,-,-
엘에스일렉트릭,10120,2021,A,B+,A+,B+,A+,-,-,20
엠씨넥스,97520,2021,C,C,B,B,-,-,-,5
영보화학,14440,2021,B,B,C,B,-,-,-,-
영원무역,111770,2021,B+,B+,B+,B+,B+,-,-,7
영원무역홀딩스,9970,2021,A,B+,B+,A,-,-,-,-
영진약품,3520,2021,B+,B+,A,B+,B+,-,-,6
영풍,670,2021,C,D,C,B+,B,-,-,3
영풍제지,6740,2021,B,B,C,B,-,-,-,-
영화금속,12280,2021,C,C,C,B+,-,-,-,-
영흥,12160,2021,B,C,B,B+,-,-,-,-
예스코홀딩스,15360,2021,B+,B,B+,B+,-,-,-,-
오뚜기,7310,2021,A,B+,A+,B+,A,-,B,16
오리엔트바이오,2630,2021,C,D,C,C,-,-,-,-
오리온,271560,2021,A,A,A,B+,A,-,B,1
오리온홀딩스,1800,2021,A,A,A,A,A,-,-,3
와이투솔루션,11690,2021,D,C,C,D,-,-,-,-
용평리조트,70960,2021,C,C,C,B,-,-,-,-
우리금융지주,316140,2021,A,A+,A+,A,B+,-,AA,78
우리종금,0,2021,B,D,B+,B,-,-,-,4
우성,6980,2021,C,D,C,B+,-,-,-,-
우신시스템,17370,2021,B,C,C,B+,-,-,-,-
우진,105840,2021,B,C,C,B+,-,-,-,-
우진아이엔에스,10400,2021,C,C,C,B+,-,-,-,-
우진플라임,49800,2021,B,B,C,B,-,-,-,-
웅진,16880,2021,B,D,B+,B+,-,-,-,-
웅진씽크빅,95720,2021,B+,B,A,B+,-,-,-,2
원림,5820,2021,C,D,B,B,-,-,-,-
웰바이오텍,10600,2021,B,D,B,B,-,-,-,-
윌비스,8600,2021,C,D,D,B+,-,-,-,-
유나이티드,33270,2021,B,C,B,B+,-,-,-,7
유니드,14830,2021,B+,B,B+,B+,-,-,-,6
유니온,910,2021,B,B,B,B,-,-,-,-
유니온머티리얼,47400,2021,B,B,C,B,-,-,-,-
유니켐,11330,2021,B,C,C,B+,-,-,-,-
유니퀘스트,77500,2021,B,B,C,B+,-,-,-,-
유성기업,2920,2021,C,B,D,C,-,-,-,-
유수홀딩스,700,2021,B+,D,B,A,-,-,-,-
유안타증권,3470,2021,C,D,C,B,-,-,-,5
유엔젤,72130,2021,C,D,C,B,-,-,-,-
유유제약,220,2021,B,D,B,B+,-,-,-,-
유진증권,1200,2021,C,C,C,B,-,-,-,6
유한양행,100,2021,B+,B+,A,B+,A+,-,BBB,13
유화증권,3460,2021,C,D,C,C,-,-,-,-
율촌화학,8730,2021,B,B,B,B+,-,-,-,4
이건산업,8250,2021,C,D,C,B+,-,-,-,-
이구산업,25820,2021,B,B,C,B+,-,-,-,-
이노션,214320,2021,A,B+,A,A,-,-,-,6
이마트,139480,2021,A,A,A,A,B+,-,B,4
이수페타시스,7660,2021,B,B,A,C,-,-,-,14
이수화학,5950,2021,B,B,B+,B,-,-,-,-
이스타코,15020,2021,C,D,C,B,-,-,-,-
이아이디,93230,2021,D,D,C,C,-,-,-,-
이엔플러스,74610,2021,C,D,B,B,-,-,-,-
이연제약,102460,2021,B,D,B,B+,-,-,-,8
이월드,84680,2021,C,D,C,B,-,-,-,-
이화산업,760,2021,C,D,C,B,-,-,-,-
인디에프,14990,2021,C,D,B,B,-,-,-,-
인바이오젠,101140,2021,C,D,C,C,-,-,-,-
인스코비,6490,2021,C,D,C,B,-,-,-,-
인지컨트롤스,23800,2021,C,D,C,B,-,-,-,-
인천도시가스,34590,2021,C,D,C,B,-,-,-,-
인터지스,129260,2021,B,B,C,B+,-,-,-,-
인팩,23810,2021,C,D,C,B+,-,-,-,-
일동제약,249420,2021,A,B+,A,A,-,-,-,-
일동홀딩스,230,2021,A,B+,A,A,-,-,-,-
일성건설,13360,2021,B,B,C,B+,-,-,-,-
일성신약,3120,2021,C,D,C,B+,-,-,-,-
일신방직,3200,2021,B+,B,B,A,-,-,-,-
일신석재,7110,2021,C,D,C,B,-,-,-,3
일양약품,7570,2021,C,D,C,B+,-,-,-,6
일정실업,8500,2021,C,C,C,C,-,-,-,-
일진다이아,81000,2021,C,D,C,B,-,-,-,-
일진디스플,20760,2021,B,B,B,B,-,-,-,-
일진머티리얼즈,20150,2021,C,C,C,B,B,-,CCC,3
일진전기,103590,2021,C,C,C,B,-,-,-,-
일진하이솔루스,0,2021,-,-,-,-,-,-,-,-
일진홀딩스,15860,2021,C,C,C,B,-,-,-,-
잇츠한불,226320,2021,B+,B+,B,B+,-,-,-,4
자이에스앤디,317400,2021,B,C,B,B+,-,-,-,-
자화전자,33240,2021,C,C,C,B+,-,-,-,9
전방,950,2021,C,C,B,B,-,-,-,-
제이에스코퍼레이션,194370,2021,C,D,C,B+,-,-,-,-
제이준코스메틱,25620,2021,C,D,C,B,-,-,-,-
제일기획,30000,2021,B+,C,A,B+,A,-,B,1
제일약품,271980,2021,C,D,B,B,-,-,-,-
제일연마,1560,2021,C,C,C,B+,-,-,-,-
제일파마홀딩스,2620,2021,B,D,B,B,-,-,-,-
제주은행,6220,2021,A,B,A+,A,-,-,-,-
제주항공,89590,2021,B+,B,B+,B+,-,-,-,4
조광페인트,4910,2021,B,B,B+,B,-,-,-,-
조광피혁,4700,2021,C,D,C,B,-,-,-,-
조비,1550,2021,C,D,C,B,-,-,-,-
조선내화,480,2021,B,B,B,B,-,-,-,-
조선선재,120030,2021,C,D,C,B+,-,-,-,-
조일알미늄,18470,2021,B,B,C,B+,-,-,-,-
조흥,2600,2021,C,D,C,B,-,-,-,-
종근당,185750,2021,A,A,A+,B+,A,-,-,8
종근당바이오,63160,2021,B+,B+,A,B+,-,-,-,-
종근당홀딩스,1630,2021,B+,B+,A,B+,-,-,-,9
주연테크,44380,2021,C,C,C,C,-,-,-,-
지누스,13890,2021,C,D,C,B+,B,-,-,2
지엠비코리아,13870,2021,C,C,C,B,-,-,-,-
지역난방공사,71320,2021,A,B+,A+,A,-,-,-,15
지투알,35000,2021,B,D,B,B,-,-,-,-
진도,88790,2021,D,D,D,C,-,-,-,-
진양산업,3780,2021,D,D,C,C,-,-,-,-
진양폴리우레탄,10640,2021,C,D,C,B+,-,-,-,-
진양홀딩스,100250,2021,C,D,C,B,-,-,-,-
진양화학,51630,2021,C,D,C,B,-,-,-,-
진에어,272450,2021,B+,C,A,A,-,-,-,-
진원생명과학,11000,2021,C,D,C,B+,-,-,-,4
진흥기업,2780,2021,C,C,C,B+,-,-,-,-
참엔지니어링,9310,2021,B,D,B,B+,-,-,-,-
천일고속,650,2021,B,C,C,B+,-,-,-,-
청호ICT,0,2021,D,D,C,D,-,-,-,-
체시스,33250,2021,C,D,B,B,-,-,-,-
초록뱀헬스케어,118000,2021,B,D,B,B,-,-,-,-
카카오,35720,2021,A,A,A+,A,A,-,A,54
카카오뱅크,323410,2021,-,-,-,-,B+,-,BB,4
카카오페이,0,2021,-,-,-,-,-,-,-,-
카프로,6380,2021,B,B,C,B+,-,-,-,-
컨버즈,109070,2021,B,B,C,B,-,-,-,-
케이비아이동국실업,1620,2021,C,C,C,C,-,-,-,-
케이씨,29460,2021,B,B,C,B+,-,-,-,9
케이씨씨,2380,2021,B+,B+,A+,B,A,-,B,26
케이씨씨글라스,344820,2021,-,-,-,-,-,-,-,18
케이씨텍,281820,2021,B,B,B,B,-,-,-,-
케이씨티시,9070,2021,B,B,C,B,-,-,-,-
케이카,381970,2021,-,-,-,-,-,-,-,-
케이티,30200,2021,A+,A+,B+,A+,A,-,-,45
케이티스카이라이프,53210,2021,A,B,A,A,-,-,-,10
케이티앤지,33780,2021,A,A,A+,A,S,-,AA,28
코리아써키트,7810,2021,B,B+,C,B+,-,-,-,-
코리안리,3690,2021,B+,B,B+,A,-,-,-,10
코스맥스,192820,2021,A,A,A,B+,A,-,-,5
코스맥스비티아이,44820,2021,B+,A,A,B+,-,-,-,-
코스모신소재,5070,2021,B,B,C,B,-,-,-,-
코스모화학,5420,2021,B,B,C,B,-,-,-,3
코아스,71950,2021,B,C,C,B+,-,-,-,-
코오롱,2020,2021,B,B,B+,B,-,-,-,3
코오롱글로벌,3070,2021,B,C,B,B+,-,-,-,-
코오롱인더,120110,2021,A,B+,A,A,B+,-,-,25
코오롱플라스틱,138490,2021,B+,B,B+,B+,-,-,-,-
코웨이,21240,2021,A,A,A+,B+,A+,-,AA,69
콘텐트리중앙,36420,2021,C,D,B,C,-,-,-,-
콤텍시스템,31820,2021,C,D,B,C,-,-,-,-
쿠쿠홀딩스,192400,2021,B,D,C,B+,B+,-,-,2
쿠쿠홈시스,284740,2021,B,D,C,B+,B,-,-,3
큐로,15590,2021,C,D,C,B,-,-,-,-
크라운제과,264900,2021,B,C,B+,B+,-,-,-,-
크라운해태홀딩스,5740,2021,B,C,B+,B,-,-,-,-
크래프톤,0,2021,-,-,-,-,B+,-,-,3
키다리스튜디오,20120,2021,B,D,B,B,-,-,-,-
키움증권,39490,2021,B,C,A,B,B+,-,-,5
태경비케이,14580,2021,C,C,B,B,-,-,-,-
태경산업,15890,2021,B,C,B,B+,-,-,-,-
태경케미컬,6890,2021,C,D,B,B,-,-,-,-
태광산업,3240,2021,B+,B,A,B+,C,-,-,7
태림포장,11280,2021,C,B,C,C,-,-,-,-
태양금속공업,4100,2021,B,B,C,B,-,-,-,-
태영건설,9410,2021,B+,A,B,B+,-,-,-,10
태원물산,1420,2021,C,C,C,B,-,-,-,-
태평양물산,7980,2021,B,C,B+,B,-,-,-,-
테이팩스,55490,2021,B+,B+,B+,B+,-,-,-,-
텔코웨어,78000,2021,C,D,C,B,-,-,-,-
토니모리,214420,2021,C,D,C,B+,-,-,-,-
티비에이치글로벌,84870,2021,B,D,B+,B+,-,-,-,-
티에이치엔,19180,2021,B,C,B,B+,-,-,-,-
티와이홀딩스,363280,2021,-,-,-,-,-,-,-,-
티웨이항공,91810,2021,B,C,B+,B,-,-,-,-
티웨이홀딩스,4870,2021,C,D,D,B,-,-,-,-
티케이지휴켐스,69260,2021,B+,B,A,B+,A,-,-,6
파미셀,5690,2021,B,C,B,B+,-,-,-,4
팜스코,36580,2021,B+,B+,A,B+,-,-,-,-
팜젠사이언스,4720,2021,C,D,C,C,-,-,-,-
팬오션,28670,2021,B+,B+,D,A,B+,-,B,7
퍼스텍,10820,2021,C,C,C,B,-,-,-,-
퍼시스,16800,2021,B,C,B+,B,-,-,-,-
페이퍼코리아,1020,2021,B,B,C,B,-,-,-,-
평화산업,90080,2021,B,B+,C,B+,-,-,-,-
평화홀딩스,10770,2021,B,B+,C,B+,-,-,-,-
포스코스틸리온,58430,2021,A,A,A+,A,-,-,-,-
포스코인터내셔널,47050,2021,A+,A,A+,A+,A,-,B,34
포스코케미칼,3670,2021,A,A,A+,B+,A+,-,BBB,33
풀무원,17810,2021,A+,A,A+,A+,-,-,-,62
풍산,103140,2021,B+,B,A,A,A,-,-,6
풍산홀딩스,5810,2021,B,D,A,B+,-,-,-,4
플레이그램,9810,2021,C,D,C,C,-,-,-,-
하나금융지주,86790,2021,A,A,A+,A,B+,-,A,79
하나제약,293480,2021,B,D,B,B+,-,-,-,-
하나투어,39130,2021,B+,B,A,B+,-,-,-,10
하이브,352820,2021,-,-,-,-,B+,-,BBB,5
하이스틸,71090,2021,B,C,B,B+,-,-,-,-
하이트론씨스템즈,19490,2021,C,D,C,B+,-,-,-,-
하이트진로,80,2021,B+,B+,A,B,A,-,-,4
하이트진로홀딩스,140,2021,B+,B+,A,B,-,-,-,-
한국가스공사,36460,2021,B+,B+,A,B+,A,-,BB,77
한국공항,5430,2021,B,D,B,B+,-,-,-,-
한국금융지주,71050,2021,B+,C,A,B+,B,-,B,3
한국내화,10040,2021,B,B,B,B,-,-,-,-
한국단자공업,25540,2021,C,C,C,B+,-,-,-,5
한국석유공업,4090,2021,B+,B,B+,B+,-,-,-,-
한국수출포장공업,2200,2021,B,B,C,B+,-,-,-,-
한국쉘석유,2960,2021,B,C,B+,B+,-,-,-,6
한국앤컴퍼니,240,2021,A,B+,A+,B+,A,-,-,35
한국자산신탁,123890,2021,C,C,B+,C,-,-,-,-
한국전력공사,15760,2021,B+,B+,B+,B+,A,-,BB,75
한국전자홀딩스,6200,2021,B,B,B+,B,-,-,-,-
한국조선해양,9540,2021,A,A,B+,A,A,-,B,20
한국종합기술,23350,2021,B,B,C,B+,-,-,-,-
한국주강,25890,2021,D,D,D,C,-,-,-,-
한국주철관공업,970,2021,C,C,C,B,-,-,-,-
한국철강,104700,2021,B,B,B,B+,-,-,-,5
한국카본,17960,2021,B,B,B+,B,-,-,-,1
한국콜마,161890,2021,B+,B+,A,B+,B+,-,-,3
한국콜마홀딩스,24720,2021,B+,B,B+,A,-,-,-,6
한국타이어앤테크놀로지,161390,2021,B+,B+,A,B,A,-,BBB,78
한국토지신탁,34830,2021,C,D,C,C,-,-,-,2
한국특강,7280,2021,C,C,B,B,-,-,-,-
한국프랜지공업,10100,2021,B,B,B+,B,-,-,-,-
한국항공우주,47810,2021,A,A,A+,B+,A,-,BB,5
한국화장품,123690,2021,B,D,B,B,-,-,-,-
한국화장품제조,3350,2021,C,C,B,B,-,-,-,-
한농화성,11500,2021,C,C,B,B,-,-,-,-
한독,2390,2021,A,B+,A,A,-,-,-,12
한미글로벌,53690,2021,A,A,A,A,-,-,-,-
한미반도체,42700,2021,C,D,D,B,-,-,-,4
한미사이언스,8930,2021,A,B+,A+,A,A,-,-,8
한미약품,128940,2021,A,B+,A+,A,A,-,BB,19
한샘,9240,2021,A,B+,A+,A,A+,-,-,19
한섬,20000,2021,A,A,A+,A,A+,-,-,4
한성기업,3680,2021,C,D,B,B,-,-,-,-
한세실업,105630,2021,B,B,B,B+,B+,-,-,10
한세엠케이,69640,2021,C,D,C,B+,-,-,-,-
한세예스24홀딩스,16450,2021,B,D,B,B+,-,-,-,-
한솔로지스틱스,9180,2021,B+,B,B+,B+,-,-,-,-
한솔제지,213500,2021,A,A,A,A,-,-,-,-
한솔케미칼,14680,2021,A,A,A,A,A,-,-,14
한솔테크닉스,4710,2021,A,B+,A,A,-,-,-,6
한솔피엔에스,10420,2021,A,B+,B+,A,-,-,-,-
한솔홀딩스,4150,2021,A,B+,A,A,-,-,-,10
한솔홈데코,25750,2021,A,B+,A,A,-,-,-,-
한신공영,4960,2021,C,C,C,B,-,-,-,5
한신기계공업,11700,2021,C,D,C,B+,-,-,-,-
한양증권,1750,2021,C,D,B+,C,-,-,-,-
한온시스템,18880,2021,B+,B+,B+,B+,A,-,BB,42
한올바이오파마,9420,2021,B,D,B,B+,B,-,-,7
한익스프레스,14130,2021,C,B,B,C,-,-,-,-
한일시멘트,300720,2021,B+,B+,B+,B,-,-,-,-
한일철강,2220,2021,C,D,C,B,-,-,-,-
한일현대시멘트,6390,2021,B+,B+,B+,B+,-,-,-,-
한일홀딩스,3300,2021,B,B+,B+,B,-,-,-,-
한전KPS,51600,2021,B,B,B,B+,A,-,-,44
한전기술,52690,2021,B+,B,B+,B+,A,-,-,6
한전산업,130660,2021,B+,B,B+,B+,-,-,-,-
한진,2320,2021,A,A,B+,A,-,-,-,5
한진중공업홀딩스,3480,2021,B,D,C,B+,-,-,-,-
한진칼,180640,2021,A,A,A,A,A,-,-,2
한창,5110,2021,B,D,B,B,-,-,-,-
한창제지,9460,2021,C,C,C,B,-,-,-,-
한화,880,2021,A,A,A+,A,A,-,BBB,10
한화생명,88350,2021,A,A+,A+,B+,A,-,B,29
한화손해보험,370,2021,A,A,A+,B+,-,-,-,4
한화솔루션,9830,2021,A,A,A+,B+,A,-,BB,14
한화시스템,272210,2021,A,B+,A,A,S,-,-,24
한화에어로스페이스,12450,2021,A,A,A,A,A+,-,-,13
한화투자증권,3530,2021,B+,B+,A,B+,-,-,-,12
해성디에스,195870,2021,A,A,A+,A,-,-,-,-
해태제과식품,101530,2021,B,D,B+,B+,-,-,-,-
핸즈코퍼레이션,143210,2021,B,B,B,B+,-,-,-,-
현대건설,720,2021,A,A,A,A,A,-,BB,75
현대건설기계,267270,2021,A,B+,A+,A,-,-,-,26
현대그린푸드,5440,2021,A,A,A+,A,A,-,-,4
현대글로비스,86280,2021,A,A,A+,A,A+,-,BB,75
현대두산인프라코어,42670,2021,A,A,A+,A,A+,-,-,52
현대로템,64350,2021,A,A,A+,A,A+,-,-,24
현대리바트,79430,2021,A,A,A+,A,-,-,-,7
현대모비스,12330,2021,A,A,A+,A,A+,-,CCC,76
현대미포조선,10620,2021,A,A,A+,A,A+,-,-,15
현대백화점,69960,2021,A,A,A+,A,A+,-,CCC,9
현대비앤지스틸,4560,2021,A,B+,A+,B+,-,-,-,-
현대약품,4310,2021,B,C,B,B+,-,-,-,-
현대에너지솔루션,322000,2021,A,A,A+,B+,-,-,-,-
현대엘리베이터,17800,2021,A,B+,A,A,A,-,-,17
현대오토에버,307950,2021,A,A,A+,A,-,-,-,27
현대위아,11210,2021,A,A,A+,A,A+,-,-,44
현대일렉트릭,267260,2021,A,A,A+,A,-,-,-,23
현대자동차,5380,2021,A,A,A,A,B+,-,B,78
현대제철,4020,2021,B+,B+,B+,A,A,-,CCC,77
현대중공업,329180,2021,-,-,-,-,B,-,-,-
현대차증권,1500,2021,A,B+,A+,A,-,-,-,5
현대코퍼레이션,11760,2021,B+,B+,A,B+,-,-,-,9
현대코퍼레이션홀딩스,227840,2021,B+,C,A,B+,-,-,-,-
현대퓨처넷,126560,2021,B+,C,A,A,-,-,-,-
현대해상,1450,2021,A,A,A+,A,A,-,A,26
현대홈쇼핑,57050,2021,A,A,A+,A,A+,-,-,7
형지엘리트,93240,2021,C,D,B,B,-,-,-,-
혜인,3010,2021,B,B,B,B,-,-,-,-
호전실업,111110,2021,C,D,C,B+,-,-,-,-
호텔신라,8770,2021,A,B+,A+,A,B+,-,B,4
화성산업,2460,2021,B,C,B+,B+,-,-,-,6
화승엔터프라이즈,241590,2021,B+,B,B+,A,B+,-,-,-
화승인더스트리,6060,2021,B+,B,B+,A,-,-,-,-
화승코퍼레이션,13520,2021,B+,B+,B,B+,-,-,-,-
화신,10690,2021,B+,B+,A,B+,-,-,-,-
화인베스틸,133820,2021,B,B,C,B,-,-,-,-
화천기계,10660,2021,C,D,C,B,-,-,-,-
화천기공,850,2021,B,D,B,B+,-,-,-,-
환인제약,16580,2021,B,D,B,B+,-,-,-,8
황금에스티,32560,2021,C,D,C,B,-,-,-,-
효성,4800,2021,A,A,A+,B+,A,-,-,27
효성 ITX,94280,2021,B+,C,B+,B+,-,-,-,-
효성중공업,298040,2021,A,A,A+,A,-,-,-,19
효성첨단소재,298050,2021,A,A,A+,A,S,-,-,22
효성티앤씨,298020,2021,A,A,A+,A,S,-,-,24
효성화학,298000,2021,A,A,A+,A,-,-,-,23
후성,93370,2021,B+,A,B,B,A,-,-,5
휠라홀딩스,81660,2021,A,B+,A+,A,S,-,BB,34
휴니드테크놀러지스,5870,2021,B,C,B+,B+,-,-,-,-
휴비스,79980,2021,A,B+,A+,A,-,-,-,5
휴스틸,5010,2021,C,C,C,B,-,-,-,-
흥국화재,540,2021,B+,B,A,B,-,-,-,-
흥아해운,3280,2021,D,D,C,D,-,-,-,-
AJ네트웍스,95570,2020,B,D,B,B,-,-,-,-
AK홀딩스,6840,2020,B+,C,B+,B+,-,-,-,-
BGF,27410,2020,B+,B,A,B+,-,-,-,-
BGF리테일,282330,2020,A,B+,B+,A,-,-,BB,-
BNK금융지주,138930,2020,A+,B+,A+,A+,-,-,A,-
BYC,1460,2020,B,D,B,B+,-,-,-,-
CJ,1040,2020,A,B,A,A,-,-,BBB,-
CJ CGV,79160,2020,A,B,A,A,-,-,-,-
CJ대한통운,120,2020,A,A,B,A,-,-,-,-
CJ씨푸드,11150,2020,B,C,B+,B+,-,-,-,-
CJ제일제당,,2020,A,A,A+,A,-,-,A,-
CS홀딩스,,2020,C,D,C,B,-,-,-,-
DB,,2020,B,D,B,B,-,-,-,-
DB금융투자,,2020,B,D,A,B,-,-,-,-
DB손해보험,,2020,B+,A,A,B+,-,-,BBB,-
DB하이텍,,2020,B+,B+,A,B+,-,-,-,-
DGB금융지주,,2020,A+,A,A+,A+,-,-,-,-
DL,,2020,B+,A,B+,B+,-,-,B,-
DL건설,,2020,B,B,B+,B,-,-,-,-
DL이앤씨,,2020,-,-,-,-,-,-,-,-
DN오토모티브,,2020,B,B,C,B,-,-,-,-
DRB동일,,2020,B,B,B,B,-,-,-,-
DSR,,2020,C,B,B,C,-,-,-,-
DSR제강,,2020,C,C,B,C,-,-,-,-
E1,,2020,B,C,A,B+,-,-,-,-
ESR켄달스퀘어리츠,,2020,-,-,-,-,-,-,-,-
F&F,,2020,-,-,-,-,-,-,-,-
F&F 홀딩스,,2020,D,D,C,C,-,-,-,-
GKL,,2020,B+,C,A,A,-,-,-,-
GS,,2020,B+,C,A,A,-,-,BBB,-
GS건설,,2020,A,A,B+,A,-,-,BBB,-
GS글로벌,,2020,B,D,B+,B+,-,-,-,-
GS리테일,,2020,B,C,B,B+,-,-,BB,-
HDC,,2020,B+,C,B+,B+,-,-,-,-
HDC랩스,,2020,C,D,C,B,-,-,-,-
HDC현대EP,,2020,B,B,B+,B,-,-,-,-
HDC현대산업개발,,2020,C,C,C,B+,-,-,B,-
HD현대,,2020,A,B+,A,A,-,-,BB,-
HJ중공업,,2020,B,B,B,B+,-,-,-,-
HL D&I,,2020,B+,B,B+,B+,-,-,-,-
HLB글로벌,,2020,C,D,B,C,-,-,-,-
HL만도,,2020,A,A,A+,A,-,-,-,-
HL홀딩스,,2020,B+,B,B+,A,-,-,-,-
HMM,,2020,A,A,A+,A,-,-,-,-
HSD엔진,,2020,A,B+,A,A,-,-,-,-
JB금융지주,,2020,A+,A,A,A+,-,-,-,-
JW생명과학,,2020,B+,B+,B+,B+,-,-,-,-
JW중외제약,,2020,B,B,B+,B,-,-,-,-
JW홀딩스,,2020,B+,C,B+,B+,-,-,-,-
KB금융,,2020,A+,A+,A+,A+,-,-,A,-
KC그린홀딩스,,2020,B,B,B+,B,-,-,-,-
KC코트렐,,2020,B,B,B,B,-,-,-,-
KEC,,2020,B,B+,B+,C,-,-,-,-
KG스틸,,2020,B,B,B+,B,-,-,-,-
KG케미칼,,2020,D,C,C,D,-,-,-,-
KH 필룩스,,2020,C,C,B,B,-,-,-,-
KISCO홀딩스,,2020,C,B,B,C,-,-,-,-
KPX케미칼,,2020,B,B,C,B,-,-,-,-
KPX홀딩스,,2020,C,C,C,B,-,-,-,-
KR모터스,,2020,C,D,C,B,-,-,-,-
KSS해운,,2020,B+,B,B+,B+,-,-,-,-
KTcs,,2020,B,D,B+,B+,-,-,-,-
KTis,,2020,B,D,B+,B+,-,-,-,-
LF,,2020,B,D,B,B+,-,-,-,-
LG,,2020,A,B+,A+,B+,-,-,BBB,-
LG디스플레이,,2020,B+,B,A,B+,-,-,A,-
LG생활건강,,2020,A,A,A+,A,-,-,A,-
LG에너지솔루션,,2020,-,-,-,-,-,-,-,-
LG유플러스,,2020,B,B+,B+,B,-,-,BB,-
LG이노텍,,2020,A,A,A+,B+,-,-,BBB,-
LG전자,,2020,B+,A,A+,B,-,-,A,-
LG헬로비전,,2020,B+,D,B+,A,-,-,-,-
LG화학,,2020,B,C,A,B+,-,-,BB,-
LIG넥스원,,2020,A,B+,A,A,-,-,-,-
LS,,2020,B+,B,B+,A,-,-,-,-
LS네트웍스,,2020,B,D,B+,B,-,-,-,-
LS전선아시아,,2020,B,D,C,B+,-,-,-,-
LX세미콘,,2020,B,C,B+,B+,-,-,-,-
LX인터내셔널,,2020,A,A,A+,A,-,-,-,-
LX하우시스,,2020,A,A,A+,A,-,-,-,-
LX홀딩스,,2020,-,-,-,-,-,-,-,-
MH에탄올,,2020,B,C,B,B+,-,-,-,-
NAVER,,2020,A,B+,B+,A+,-,-,A,-
NH투자증권,,2020,B+,B,A+,B+,-,-,BB,-
NICE,,2020,B,D,B,B+,-,-,-,-
NI스틸,,2020,C,D,C,B,-,-,-,-
OCI,,2020,A,A,A+,A,-,-,BB,-
PI첨단소재,,2020,B,C,B,B+,-,-,-,-
POSCO홀딩스,,2020,A,A,B,A+,-,-,BBB,-
S-Oil,,2020,A+,A,A+,A+,-,-,BB,-
SBS,,2020,B,C,B,B+,-,-,-,-
SGC에너지,,2020,C,C,B,C,-,-,-,-
SG글로벌,,2020,D,C,C,D,-,-,-,-
SG세계물산,,2020,C,D,B,C,-,-,-,-
SHD,,2020,D,D,C,D,-,-,-,-
SH에너지화학,,2020,C,C,C,B+,-,-,-,-
SIMPAC,,2020,C,C,B,C,-,-,-,-
SK,,2020,A+,A,A+,A+,-,-,AA,-
SKC,,2020,B+,B+,A+,B,-,-,-,-
SK가스,,2020,A,B+,A+,A,-,-,-,-
SK네트웍스,,2020,A,B+,A+,A,-,-,-,-
SK디스커버리,,2020,A,B,A,A,-,-,-,-
SK디앤디,,2020,B,C,B,B+,-,-,-,-
SK렌터카,,2020,B,B,C,B,-,-,-,-
SK바이오사이언스,,2020,-,-,-,-,-,-,-,-
SK스퀘어,,2020,-,-,-,-,-,-,-,-
SK아이이테크놀로지,,2020,-,-,-,-,-,-,-,-
SK이노베이션,,2020,A,A,A,A,-,-,BBB,-
SK증권,,2020,B,D,A,B,-,-,-,-
SK케미칼,,2020,B+,B+,A,B+,-,-,B,-
SK텔레콤,,2020,A,A+,A,A,-,-,A,-
SK하이닉스,,2020,A,A,A+,A,-,-,BBB,-
SNT다이내믹스,,2020,B+,B+,B+,B+,-,-,-,-
SNT모티브,,2020,B+,B,B+,B+,-,-,-,-
SNT에너지,,2020,B+,B,B,B+,-,-,-,-
SNT홀딩스,,2020,B+,C,B+,B+,-,-,-,-
SPC삼립,,2020,B+,B,A,B,-,-,-,-
STX,,2020,B,C,B+,B,-,-,-,-
STX엔진,,2020,B+,B+,B+,B,-,-,-,-
STX중공업,,2020,B,C,B+,B+,-,-,-,-
SUN&L,,2020,B+,B,B,B+,-,-,-,-
TCC스틸,,2020,C,B,B,C,-,-,-,-
TYM,,2020,B+,B,B+,B+,-,-,-,-
WISCOM,,2020,C,C,C,B+,-,-,-,-
YG PLUS,,2020,B,D,B,B,-,-,-,-
가온전선,,2020,B+,B,B+,B+,-,-,-,-
강남제비스코,,2020,B,B,C,B,-,-,-,-
강원랜드,,2020,A,B,A,A,-,-,BBB,-
갤럭시아에스엠,,2020,C,D,C,C,-,-,-,-
경농,,2020,C,B,B+,C,-,-,-,-
경동나비엔,,2020,B+,B,B+,B+,-,-,-,-
경동도시가스,,2020,B+,B,A,B+,-,-,-,-
경동인베스트,,2020,B,C,B,B+,-,-,-,-
경방,,2020,C,C,B,B,-,-,-,-
경보제약,,2020,B,B,B,B,-,-,-,-
경인양행,,2020,B,B,C,B,-,-,-,-
경인전자,,2020,C,D,C,B,-,-,-,-
계룡건설산업,,2020,B,B,B,B+,-,-,-,-
계양전기,,2020,B,B,B+,B,-,-,-,-
고려산업,,2020,C,C,C,C,-,-,-,-
고려아연,,2020,B,B+,C,B+,-,-,B,-
고려제강,,2020,B,B+,B+,C,-,-,-,-
광동제약,,2020,B,C,B+,B+,-,-,-,-
광명전기,,2020,C,C,C,C,-,-,-,-
광전자,,2020,B,C,B,B+,-,-,-,-
광주신세계,,2020,B+,C,A,B+,-,-,-,-
교보증권,,2020,B,D,B+,B,-,-,-,-
교촌에프앤비,,2020,-,-,-,-,-,-,-,-
국도화학,,2020,B,B,B,B,-,-,-,-
국동,,2020,B,D,C,B+,-,-,-,-
국보,,2020,C,B,C,C,-,-,-,-
국제약품,,2020,C,D,B,C,-,-,-,-
그린케미칼,,2020,B,B,B,B,-,-,-,-
극동유화,,2020,B,B,C,B,-,-,-,-
금강공업,,2020,C,C,B,B,-,-,-,-
금비,,2020,C,C,B,C,-,-,-,-
금양,,2020,D,D,C,C,-,-,-,-
금호건설,,2020,C,B,B+,C,-,-,-,-
금호석유화학,,2020,A,B+,A,A,-,-,B,-
금호에이치티,,2020,D,D,C,C,-,-,-,-
금호전기,,2020,B,B,B,B,-,-,-,-
금호타이어,,2020,B,B,C,B+,-,-,-,-
기신정기,,2020,C,D,B,B,-,-,-,-
기아,,2020,A,A,A+,B+,-,-,CCC,-
기업은행,,2020,B+,B+,A,B+,-,-,BB,-
까뮤이앤씨,,2020,C,D,C,B,-,-,-,-
깨끗한나라,,2020,B+,B,B+,B+,-,-,-,-
남광토건,,2020,B,B,B,B,-,-,-,-
남선알미늄,,2020,B,C,B+,B,-,-,-,-
남성,,2020,C,D,B,B,-,-,-,-
남양유업,,2020,B,C,B,B+,-,-,-,-
남해화학,,2020,B,B,B,B+,-,-,-,-
넥센,,2020,B+,B,B+,B+,-,-,-,-
넥센타이어,,2020,B+,B+,B+,B,-,-,-,-
넷마블,,2020,B,D,B+,B+,-,-,BB,-
노루페인트,,2020,B,B,B,B,-,-,-,-
노루홀딩스,,2020,C,C,B,C,-,-,-,-
녹십자,,2020,B+,B,A,B,-,-,-,-
녹십자홀딩스,,2020,B,C,B+,B,-,-,-,-
농심,,2020,B+,B+,A,B,-,-,-,-
농심홀딩스,,2020,B+,B,B+,B+,-,-,-,-
다스코,,2020,B,C,B,B+,-,-,-,-
다올투자증권,,2020,C,D,B,C,-,-,-,-
다우기술,,2020,B,C,B+,B,-,-,-,-
다이나믹디자인,,2020,C,D,C,C,-,-,-,-
대교,,2020,B+,D,B+,A,-,-,-,-
대구백화점,,2020,B,D,B,B+,-,-,-,-
대덕,,2020,A,B+,A,A,-,-,-,-
대덕전자,,2020,-,-,-,-,-,-,-,-
대동,,2020,B,B,B,B,-,-,-,-
대동전자,,2020,C,B,C,C,-,-,-,-
대림비앤코,,2020,B,C,B,B+,-,-,-,-
대림통상,,2020,B,B,B,B,-,-,-,-
대상,,2020,B,B,B+,B,-,-,-,-
대상홀딩스,,2020,B,C,B,B,-,-,-,-
대성산업,,2020,C,C,B,C,-,-,-,-
대성에너지,,2020,B,B,B+,B,-,-,-,-
대성홀딩스,,2020,B,C,B+,B,-,-,-,-
대신증권,,2020,B,D,B+,B+,-,-,-,-
대양금속,,2020,B,B,C,B,-,-,-,-
대영포장,,2020,C,B,C,D,-,-,-,-
대우건설,,2020,B+,A,B,B+,-,-,B,-
대우부품,,2020,D,D,C,C,-,-,-,-
대우조선해양,,2020,B+,B+,B,A,-,-,CCC,-
대웅,,2020,C,C,B+,C,-,-,-,-
대웅제약,,2020,B+,B,B+,B+,-,-,-,-
대원강업,,2020,B,B,B+,B,-,-,-,-
대원전선,,2020,C,C,C,C,-,-,-,-
대원제약,,2020,B,D,B+,B+,-,-,-,-
대원화성,,2020,B+,B+,B,B+,-,-,-,-
대유에이텍,,2020,C,C,C,C,-,-,-,-
대유플러스,,2020,C,C,C,C,-,-,-,-
대창,,2020,C,B+,B,C,-,-,-,-
대창단조,,2020,B,B,B,B,-,-,-,-
대한방직,,2020,C,C,C,B+,-,-,-,-
대한유화,,2020,B,B+,B+,C,-,-,-,-
대한전선,,2020,B+,B,B+,B+,-,-,-,-
대한제강,,2020,B,B+,B,B,-,-,-,-
대한제당,,2020,C,C,C,B,-,-,-,-
대한제분,,2020,C,C,B,C,-,-,-,-
대한항공,,2020,A,A,A+,B+,-,-,BB,-
대한해운,,2020,B,C,B,B,-,-,-,-
대한화섬,,2020,C,B,B+,C,-,-,-,-
대현,,2020,C,D,C,B,-,-,-,-
대호에이엘,,2020,B,B,C,B,-,-,-,-
더블유게임즈,,2020,B,D,B+,B+,-,-,-,-
더존비즈온,,2020,B,C,B+,B,-,-,B,-
덕성,,2020,B,B,C,B+,-,-,-,-
덕양산업,,2020,B,B,B,B,-,-,-,-
덴티움,,2020,C,D,C,B+,-,-,-,-
도화엔지니어링,,2020,B+,B,B,B+,-,-,-,-
동국제강,,2020,B+,B+,B+,B,-,-,-,-
동남합성,,2020,C,D,C,B,-,-,-,-
동방,,2020,C,B,C,C,-,-,-,-
동방아그로,,2020,C,D,C,B,-,-,-,-
동부건설,,2020,C,C,B,B,-,-,-,-
동서,,2020,C,D,B,C,-,-,-,-
동성제약,,2020,C,D,B,B,-,-,-,-
동성케미컬,,2020,B,B,B+,B,-,-,-,-
동아쏘시오홀딩스,,2020,B+,C,A,A,-,-,-,-
동아에스티,,2020,B+,D,B+,A,-,-,-,-
동아지질,,2020,C,C,C,C,-,-,-,-
동아타이어,,2020,B,C,B,B,-,-,-,-
동양,,2020,C,C,C,B,-,-,-,-
동양고속,,2020,B,C,B,B+,-,-,-,-
동양생명,,2020,B,D,B+,B+,-,-,-,-
동양철관,,2020,C,C,C,C,-,-,-,-
동양피스톤,,2020,B,B,B,B+,-,-,-,-
동원F&B,,2020,B,B,B+,B,-,-,-,-
동원금속,,2020,B,C,B,B+,-,-,-,-
동원산업,,2020,B,C,B,B+,-,-,-,-
동원수산,,2020,C,D,B,B,-,-,-,-
동원시스템즈,,2020,C,B,B,C,-,-,-,-
동일고무벨트,,2020,B+,B,B+,B+,-,-,-,-
동일산업,,2020,B,B+,C,B+,-,-,-,-
동일제강,,2020,C,C,C,B,-,-,-,-
동화약품,,2020,B,D,B+,B,-,-,-,-
두산,,2020,A+,A+,A+,A,-,-,-,-
두산밥캣,,2020,B+,D,A,A,-,-,BB,-
두산에너빌리티,,2020,A,A,A+,B+,-,-,BB,-
두산퓨얼셀,,2020,-,-,-,-,-,-,-,-
두올,,2020,B,C,B,B+,-,-,-,-
드림텍,,2020,-,-,-,-,-,-,-,-
디씨엠,,2020,C,C,C,B,-,-,-,-
디아이,,2020,B,B,B,B,-,-,-,-
디아이동일,,2020,D,D,C,C,-,-,-,-
디아이씨,,2020,C,C,B,C,-,-,-,-
디와이,,2020,C,C,C,B+,-,-,-,-
디와이파워,,2020,C,D,B,B,-,-,-,-
락앤락,,2020,C,C,B+,C,-,-,-,-
롯데관광개발,,2020,C,D,B,C,-,-,-,-
롯데손해보험,,2020,B+,C,A,A,-,-,-,-
롯데쇼핑,,2020,A,A,A+,A,-,-,B,-
롯데정밀화학,,2020,A,A,A+,A,-,-,-,-
롯데정보통신,,2020,A,B+,A,A,-,-,-,-
롯데제과,,2020,A,A,A+,B+,-,-,-,-
롯데지주,,2020,B+,B,A,B,-,-,BB,-
롯데칠성음료,,2020,B+,B+,A,B+,-,-,-,3
롯데케미칼,,2020,B+,B,A,A,-,-,BB,-
롯데푸드,,2020,A,B+,A+,B+,-,-,-,-
롯데하이마트,,2020,A,B+,A+,A,-,-,-,-
마니커,,2020,C,D,B+,C,-,-,-,-
만호제강,,2020,C,C,B,B,-,-,-,-
맵스리얼티1,,2020,-,-,-,-,-,-,-,-
메리츠금융지주,,2020,B+,D,B+,A,-,-,-,-
메리츠증권,,2020,B+,B,A,B+,-,-,B,-
메리츠화재,,2020,B,D,B+,B+,-,-,-,-
메타랩스,,2020,C,D,B,B,-,-,-,-
명문제약,,2020,C,D,B,B,-,-,-,-
명신산업,,2020,-,-,-,-,-,-,-,-
모나리자,,2020,B,B,B,B,-,-,-,-
모나미,,2020,C,D,C,B,-,-,-,-
모토닉,,2020,B,B,B,B,-,-,-,-
무림P&P,,2020,B+,B+,B+,B+,-,-,-,-
무림페이퍼,,2020,B+,B+,B+,B+,-,-,-,-
무학,,2020,C,B,C,C,-,-,-,-
문배철강,,2020,C,D,C,B,-,-,-,-
미래산업,,2020,B,B,C,B,-,-,-,-
미래아이앤지,,2020,C,D,C,C,-,-,-,-
미래에셋생명,,2020,B,D,B+,B,-,-,-,-
미래에셋증권,,2020,A,B+,A+,B+,-,-,BBB,-
미원상사,,2020,C,D,B,B,-,-,-,-
미원에스씨,,2020,C,C,C,B,-,-,-,-
미원홀딩스,,2020,C,C,C,C,-,-,-,-
미원화학,,2020,C,C,C,C,-,-,-,-
미창석유공업,,2020,C,C,C,B,-,-,-,-
방림,,2020,B,B,C,B,-,-,-,-
백광산업,,2020,C,B,C,D,-,-,-,-
백산,,2020,C,C,B,B,-,-,-,-
범양건영,,2020,C,D,C,B,-,-,-,-
벽산,,2020,C,B,B,C,-,-,-,-
보락,,2020,C,D,C,B,-,-,-,-
보령,,2020,C,D,B,B,-,-,-,-
보해양조,,2020,B,B,B,B,-,-,-,-
부광약품,,2020,C,D,C,B,-,-,-,-
부국증권,,2020,B,D,B,B,-,-,-,-
부국철강,,2020,D,D,C,C,-,-,-,-
부산산업,,2020,D,D,C,C,-,-,-,-
부산주공,,2020,C,B,C,C,-,-,-,-
비비안,,2020,C,D,B,B,-,-,-,-
비상교육,,2020,B,D,B+,B,-,-,-,-
비케이탑스,,2020,C,D,B,D,-,-,-,-
빙그레,,2020,A,B+,A+,A,-,-,-,-
사조대림,,2020,C,D,B,B,-,-,-,-
사조동아원,,2020,C,D,C,B,-,-,-,-
사조산업,,2020,D,D,C,D,-,-,-,-
사조씨푸드,,2020,C,D,B,B,-,-,-,-
사조오양,,2020,C,D,B,C,-,-,-,-
삼부토건,,2020,C,C,B,B,-,-,-,-
삼성SDI,,2020,A,A,A,B+,-,-,A,-
삼성공조,,2020,C,C,C,B,-,-,-,-
삼성물산,,2020,A,A+,A,B+,-,-,BBB,-
삼성바이오로직스,,2020,B+,B,A,B+,-,-,BB,-
삼성생명,,2020,B+,A,A,B+,-,-,BBB,-
삼성에스디에스,,2020,A,B+,A+,A,-,-,A,-
삼성엔지니어링,,2020,A,A,A+,A,-,-,BB,-
삼성전기,,2020,A,A,A+,B+,-,-,BBB,-
삼성전자,,2020,B,A,A+,C,-,-,A,-
삼성제약,,2020,C,B,C,D,-,-,-,-
삼성중공업,,2020,B+,B+,B,A,-,-,CCC,-
삼성증권,,2020,B+,B,A+,B,-,-,BBB,-
삼성출판사,,2020,C,D,C,B,-,-,-,-
삼성카드,,2020,B,D,B+,B+,-,-,A,-
삼성화재해상보험,,2020,A,A+,A+,A,-,-,A,-
삼아알미늄,,2020,B,B,C,B,-,-,-,-
삼양사,,2020,B+,B+,B+,B,-,-,-,-
삼양식품,,2020,B,B,B,B,-,-,-,-
삼양통상,,2020,C,B,C,D,-,-,-,-
삼양패키징,,2020,C,C,B+,C,-,-,-,-
삼양홀딩스,,2020,B+,B,B+,B+,-,-,-,-
삼영무역,,2020,C,D,C,C,-,-,-,-
삼영전자공업,,2020,B+,B+,B+,B,-,-,-,-
삼영화학공업,,2020,C,B,C,C,-,-,-,-
삼원강재,,2020,B,B+,C,B,-,-,-,-
삼익THK,,2020,B+,B,B,B+,-,-,-,-
삼익악기,,2020,C,D,C,B,-,-,-,-
삼일씨엔에스,,2020,B,C,B,B+,-,-,-,-
삼일제약,,2020,B,D,B+,B,-,-,-,-
삼정펄프,,2020,C,C,B,C,-,-,-,-
삼진제약,,2020,B,D,B+,B,-,-,-,-
삼천리,,2020,B+,B+,A,B+,-,-,-,-
삼호개발,,2020,D,D,C,C,-,-,-,-
삼화왕관,,2020,B,B,C,B,-,-,-,-
삼화전기,,2020,C,C,B,B,-,-,-,-
삼화전자공업,,2020,D,D,C,C,-,-,-,-
삼화콘덴서공업,,2020,B,B,B,B,-,-,-,-
삼화페인트공업,,2020,B+,B,B+,B+,-,-,-,-
상상인증권,,2020,C,D,B,C,-,-,-,-
상신브레이크,,2020,B,B,B,B,-,-,-,-
새론오토모티브,,2020,B,B,B,B,-,-,-,-
샘표,,2020,C,B,B+,C,-,-,-,-
샘표식품,,2020,C,B,B+,C,-,-,-,-
서연,,2020,B+,C,B+,B+,-,-,-,-
서연이화,,2020,B+,B,B+,B+,-,-,-,-
서울도시가스,,2020,B,C,B+,B,-,-,-,-
서울식품공업,,2020,B,B,B,B,-,-,-,-
서원,,2020,B,B,C,B,-,-,-,-
서흥,,2020,C,C,C,B,-,-,-,-
선도전기,,2020,B,B,C,B,-,-,-,-
선진,,2020,B,D,B,B+,-,-,-,-
성문전자,,2020,C,C,B,C,-,-,-,-
성보화학,,2020,C,D,B,B,-,-,-,-
성신양회,,2020,C,B+,B,C,-,-,-,-
성안,,2020,C,C,C,B,-,-,-,-
성창기업지주,,2020,C,D,C,C,-,-,-,-
세기상사,,2020,C,D,C,C,-,-,-,-
세방,,2020,B+,B,B+,B+,-,-,-,-
세방전지,,2020,B,B+,B,B,-,-,-,-
세아베스틸지주,,2020,B,B,B,B+,-,-,-,-
세아제강,,2020,B,B,B+,B,-,-,-,-
세아제강지주,,2020,B,C,B,B,-,-,-,-
세아특수강,,2020,B,B,C,B,-,-,-,-
세아홀딩스,,2020,B,C,B,B+,-,-,-,-
세우글로벌,,2020,C,B,C,C,-,-,-,-
세원이앤씨,,2020,B,B,B,B,-,-,-,-
세원정공,,2020,C,C,B+,D,-,-,-,-
세이브존I&C,,2020,C,D,B,C,-,-,-,-
세종공업,,2020,C,B,B+,C,-,-,-,-
세진중공업,,2020,B,D,B+,B+,-,-,-,-
세하,,2020,B,B+,B,B,-,-,-,-
센트랄모텍,,2020,-,-,-,-,-,-,-,-
셀트리온,,2020,B+,B,B,B+,-,-,B,-
솔루스첨단소재,,2020,-,-,-,-,-,-,-,-
솔루엠,,2020,-,-,-,-,-,-,-,-
송원산업,,2020,B,B+,B+,C,-,-,-,-
수산중공업,,2020,B,B,B,B,-,-,-,-
스틱인베스트먼트,,2020,B,D,B,B+,-,-,-,-
시디즈,,2020,C,D,C,B,-,-,-,-
신대양제지,,2020,C,C,C,C,-,-,-,-
신도리코,,2020,B,B,B+,B,-,-,-,-
신라교역,,2020,C,D,C,B,-,-,-,-
신성이엔지,,2020,C,C,C,B,-,-,-,-
신성통상,,2020,C,C,D,C,-,-,-,-
신세계,,2020,A,B+,A,A,-,-,B,-
신세계I&C,,2020,B+,B,B+,B+,-,-,-,-
신세계건설,,2020,B,C,B,B+,-,-,-,-
신세계인터내셔날,,2020,A,B,A,A,-,-,-,-
신세계푸드,,2020,B+,B,B+,B+,-,-,-,-
신송홀딩스,,2020,B,D,B,B+,-,-,-,-
신영와코루,,2020,C,D,B,C,-,-,-,-
신영증권,,2020,B,D,B,B+,-,-,-,-
신원,,2020,D,D,C,C,-,-,-,-
신일전자,,2020,C,D,C,B,-,-,-,-
신풍,,2020,B,B+,C,B,-,-,-,-
신풍제약,,2020,B,D,B,B+,-,-,B,-
신한지주,,2020,A+,A+,A,A+,-,-,AA,-
신흥,,2020,B,D,B,B,-,-,-,-
쌍방울,,2020,C,D,B,C,-,-,-,-
쌍용씨앤이,,2020,B+,B,B+,B+,-,-,-,-
쌍용자동차,,2020,B+,B+,B,B+,-,-,-,-
써니전자,,2020,C,C,B,B,-,-,-,-
쎌마테라퓨틱스,,2020,C,D,C,C,-,-,-,-
씨아이테크,,2020,C,D,C,C,-,-,-,-
씨에스윈드,,2020,B,B,C,B,-,-,-,-
아남전자,,2020,C,C,C,C,-,-,-,-
아모레퍼시픽,,2020,A,A,A+,A,-,-,A,-
아모레퍼시픽그룹,,2020,A,A,A+,A,-,-,AA,-
아세아,,2020,C,C,B,C,-,-,-,-
아세아시멘트,,2020,B+,B+,B+,B,-,-,-,-
아세아제지,,2020,B,C,B,B,-,-,-,-
아센디오,,2020,C,D,B,C,-,-,-,-
아시아나IDT,,2020,C,D,B,C,-,-,-,-
아시아나항공,,2020,C,B+,B+,D,-,-,-,-
아이마켓코리아,,2020,B,D,B,B+,-,-,-,-
아이에스동서,,2020,B,B,B,B+,-,-,-,-
아이에이치큐,,2020,B,D,B,B+,-,-,-,-
알루코,,2020,B,B,B,B,-,-,-,-
애경산업,,2020,B,C,B+,B,-,-,-,-
애경케미칼,,2020,B,B+,C,B,-,-,-,-
에넥스,,2020,B,B,B+,B,-,-,-,-
에스디바이오센서,,2020,-,-,-,-,-,-,-,-
에스엘,,2020,C,B,B+,D,-,-,-,-
에스엠벡셀,,2020,C,C,C,C,-,-,-,-
에스원,,2020,B+,B,A,B+,-,-,B,-
에스제이엠,,2020,C,C,B,C,-,-,-,-
에스제이엠홀딩스,,2020,B,C,B,B,-,-,-,-
에스케이바이오팜,,2020,-,-,-,-,-,-,N/A,-
에쓰씨엔지니어링,,2020,C,C,B,B,-,-,-,-
에어부산,,2020,C,C,B+,C,-,-,-,-
에이블씨엔씨,,2020,C,D,B,C,-,-,-,-
에이엔피,,2020,C,B,C,C,-,-,-,-
에이프로젠,,2020,C,C,D,C,-,-,-,-
에이프로젠바이오로직스,,2020,C,D,C,C,-,-,-,-
에이플러스에셋,,2020,-,-,-,-,-,-,-,-
엔씨소프트,,2020,B+,D,B+,A,-,-,BBB,-
엔에이치엔,,2020,B,D,B+,B+,-,-,-,-
엔케이,,2020,C,B,C,C,-,-,-,-
엔피씨,,2020,C,C,C,C,-,-,-,-
엘브이엠씨,,2020,-,-,-,-,-,-,-,-
엘에스일렉트릭,,2020,A,B+,A+,B+,-,-,-,-
엠씨넥스,,2020,-,-,-,-,-,-,-,-
영보화학,,2020,B,B,B,B,-,-,-,-
영원무역,,2020,B,D,B,B+,-,-,-,-
영원무역홀딩스,,2020,B,D,B,B,-,-,-,-
영진약품,,2020,B,D,B+,B+,-,-,-,-
영풍,,2020,C,D,B,D,-,-,-,-
영풍제지,,2020,B,B,C,B,-,-,-,-
영화금속,,2020,B,B,C,B,-,-,-,-
영흥,,2020,B,C,B,B+,-,-,-,-
예스코홀딩스,,2020,B,D,B+,B+,-,-,-,-
오뚜기,,2020,B+,B+,A,B,-,-,B,-
오리엔트바이오,,2020,C,B,B,C,-,-,-,-
오리온,,2020,B+,B,B+,A,-,-,B,-
오리온홀딩스,,2020,B+,C,B+,A,-,-,-,-
와이투솔루션,,2020,D,C,C,D,-,-,-,-
용평리조트,,2020,B,C,B,B,-,-,-,-
우리금융지주,,2020,B+,B+,B+,B+,-,-,BBB,-
우리종금,,2020,B,D,B,B,-,-,-,-
우성,,2020,C,D,C,C,-,-,-,-
우신시스템,,2020,B+,B,B,B+,-,-,-,-
우진,,2020,B+,B,B,B+,-,-,-,-
우진아이엔에스,,2020,C,C,C,B+,-,-,-,-
우진플라임,,2020,B,B,B,B,-,-,-,-
웅진,,2020,B,D,B,B+,-,-,-,-
웅진씽크빅,,2020,B,D,B,B,-,-,-,-
원림,,2020,C,D,B,C,-,-,-,-
웰바이오텍,,2020,B,D,B,B,-,-,-,-
윌비스,,2020,C,D,C,C,-,-,-,-
유나이티드,,2020,B,B,B+,B,-,-,-,-
유니드,,2020,B,B,B,B,-,-,-,-
유니온,,2020,C,C,B,C,-,-,-,-
유니온머티리얼,,2020,B,B,B,B,-,-,-,-
유니켐,,2020,B,B,C,B,-,-,-,-
유니퀘스트,,2020,B,D,C,B+,-,-,-,-
유성기업,,2020,C,B,C,C,-,-,-,-
유수홀딩스,,2020,B,C,B,B+,-,-,-,-
유안타증권,,2020,B,D,B+,B,-,-,-,-
유엔젤,,2020,C,B,C,C,-,-,-,-
유유제약,,2020,B,B,C,B,-,-,-,-
유진증권,,2020,B,C,B+,B,-,-,-,-
유한양행,,2020,B+,B+,B+,B+,-,-,BBB,-
유화증권,,2020,C,D,C,B,-,-,-,-
율촌화학,,2020,B,C,B+,B+,-,-,-,-
이건산업,,2020,B,C,B,B,-,-,-,-
이구산업,,2020,B,B,C,B,-,-,-,-
이노션,,2020,B+,D,A,A,-,-,-,-
이마트,,2020,A,A,A+,A,-,-,B,-
이수페타시스,,2020,B,B+,B+,C,-,-,-,-
이수화학,,2020,C,B,B,C,-,-,-,-
이스타코,,2020,C,D,C,B,-,-,-,-
이아이디,,2020,D,D,C,C,-,-,-,-
이엔플러스,,2020,B,B,C,B,-,-,-,-
이연제약,,2020,C,D,B,B,-,-,-,-
이월드,,2020,C,D,C,B,-,-,-,-
이화산업,,2020,C,C,C,C,-,-,-,-
인디에프,,2020,C,D,B,B,-,-,-,-
인바이오젠,,2020,C,D,B,C,-,-,-,-
인스코비,,2020,C,B,C,C,-,-,-,-
인지컨트롤스,,2020,C,C,B,C,-,-,-,-
인천도시가스,,2020,B,C,B,B+,-,-,-,-
인터지스,,2020,B+,B,B,B+,-,-,-,-
인팩,,2020,C,C,C,B,-,-,-,-
일동제약,,2020,A,B+,A+,B+,-,-,-,-
일동홀딩스,,2020,B+,B,A,B+,-,-,-,-
일성건설,,2020,B,B,B,B,-,-,-,-
일성신약,,2020,C,D,B,B,-,-,-,-
일신방직,,2020,B,B,B,B,-,-,-,-
일신석재,,2020,C,D,C,B,-,-,-,-
일양약품,,2020,B,D,B,B+,-,-,-,-
일정실업,,2020,C,C,C,C,-,-,-,-
일진다이아,,2020,C,C,B,B,-,-,-,-
일진디스플,,2020,B,B,B,B,-,-,-,-
일진머티리얼즈,,2020,C,B,C,C,-,-,-,-
일진전기,,2020,C,C,B,C,-,-,-,-
일진하이솔루스,,2020,-,-,-,-,-,-,-,-
일진홀딩스,,2020,B,C,B,B,-,-,-,-
잇츠한불,,2020,B,C,B,B,-,-,-,-
자이에스앤디,,2020,-,-,-,-,-,-,-,-
자화전자,,2020,B,B,B+,B,-,-,-,-
전방,,2020,C,C,B+,C,-,-,-,-
제이에스코퍼레이션,,2020,C,D,C,B+,-,-,-,-
제이준코스메틱,,2020,C,D,C,B,-,-,-,-
제일기획,,2020,B+,D,A,B+,-,-,B,-
제일약품,,2020,C,D,B,B,-,-,-,-
제일연마,,2020,C,C,C,B,-,-,-,-
제일파마홀딩스,,2020,B,D,B,B,-,-,-,-
제주은행,,2020,B+,C,A,A,-,-,-,-
제주항공,,2020,B,C,B+,B+,-,-,-,-
조광페인트,,2020,C,C,B,B,-,-,-,-
조광피혁,,2020,C,D,C,B,-,-,-,-
조비,,2020,C,D,B,B,-,-,-,-
조선내화,,2020,C,B,B,C,-,-,-,-
조선선재,,2020,C,D,C,B+,-,-,-,-
조일알미늄,,2020,B,B,C,B,-,-,-,-
조흥,,2020,B,B,C,B,-,-,-,-
종근당,,2020,B,C,B+,B+,-,-,-,-
종근당바이오,,2020,C,B,C,C,-,-,-,-
종근당홀딩스,,2020,C,C,B+,C,-,-,-,-
주연테크,,2020,C,C,B,C,-,-,-,-
지누스,,2020,-,-,-,-,-,-,-,-
지엠비코리아,,2020,C,C,B,C,-,-,-,-
지역난방공사,,2020,A,B+,A+,B+,-,-,-,-
지투알,,2020,B,D,B+,B+,-,-,-,-
진도,,2020,B,D,B,B,-,-,-,-
진양산업,,2020,D,D,C,C,-,-,-,-
진양폴리우레탄,,2020,C,D,C,B,-,-,-,-
진양홀딩스,,2020,C,D,C,C,-,-,-,-
진양화학,,2020,D,D,C,C,-,-,-,-
진에어,,2020,B+,C,B+,A,-,-,-,-
진원생명과학,,2020,C,D,C,B,-,-,-,-
진흥기업,,2020,C,C,B,B,-,-,-,-
참엔지니어링,,2020,B,B,B,B,-,-,-,-
천일고속,,2020,B,C,B,B+,-,-,-,-
청호ICT,,2020,C,B,C,C,-,-,-,-
체시스,,2020,C,C,B,C,-,-,-,-
초록뱀헬스케어,,2020,C,D,C,B,-,-,-,-
카카오,,2020,B+,C,A+,A,-,-,BBB,-
카카오뱅크,,2020,-,-,-,-,-,-,-,-
카카오페이,,2020,-,-,-,-,-,-,-,-
카프로,,2020,B+,B+,B,B+,-,-,-,-
컨버즈,,2020,D,C,C,D,-,-,-,-
케이비아이동국실업,,2020,C,B,B,C,-,-,-,-
케이씨,,2020,B+,B,B,B+,-,-,-,-
케이씨씨,,2020,B,B+,A,C,-,-,B,-
케이씨씨글라스,,2020,-,-,-,-,-,-,-,-
케이씨텍,,2020,B,B,B,B,-,-,-,-
케이씨티시,,2020,B,B,B,B,-,-,-,-
케이카,,2020,-,-,-,-,-,-,-,-
케이티,,2020,A+,A,A,A+,-,-,-,-
케이티스카이라이프,,2020,B+,C,B+,B+,-,-,-,-
케이티앤지,,2020,A,B+,A+,A,-,-,A,-
코리아써키트,,2020,C,B+,B,C,-,-,-,-
코리안리,,2020,B,D,B,B+,-,-,-,-
코스맥스,,2020,B+,B+,B+,B,-,-,-,-
코스맥스비티아이,,2020,B,B,B,B,-,-,-,-
코스모신소재,,2020,B+,B+,B,B+,-,-,-,-
코스모화학,,2020,C,B,C,D,-,-,-,-
코아스,,2020,B+,B,B,B+,-,-,-,-
코오롱,,2020,B,C,B+,B,-,-,-,-
코오롱글로벌,,2020,B,C,B,B+,-,-,-,-
코오롱인더,,2020,B+,B+,B+,B+,-,-,-,-
코오롱플라스틱,,2020,B+,B,B+,B+,-,-,-,-
코웨이,,2020,A,A,A+,B+,-,-,BBB,-
콘텐트리중앙,,2020,B,D,B,B,-,-,-,-
콤텍시스템,,2020,C,D,B,C,-,-,-,-
쿠쿠홀딩스,,2020,B,D,B,B+,-,-,-,-
쿠쿠홈시스,,2020,C,D,C,C,-,-,-,-
큐로,,2020,C,B,C,C,-,-,-,-
크라운제과,,2020,B,D,B+,B,-,-,-,-
크라운해태홀딩스,,2020,B,D,B+,B,-,-,-,-
크래프톤,,2020,-,-,-,-,-,-,-,-
키다리스튜디오,,2020,B,B,B,B,-,-,-,-
키움증권,,2020,B,D,B+,B+,-,-,-,-
태경비케이,,2020,C,C,B,B,-,-,-,-
태경산업,,2020,B,B,B,B,-,-,-,-
태경케미컬,,2020,D,D,C,C,-,-,-,-
태광산업,,2020,C,B,B+,D,-,-,-,-
태림포장,,2020,C,B,C,C,-,-,-,-
태양금속공업,,2020,B,B+,B,B,-,-,-,-
태영건설,,2020,B,B,B,B+,-,-,-,-
태원물산,,2020,B,B,C,B,-,-,-,-
태평양물산,,2020,C,D,B+,B,-,-,-,-
테이팩스,,2020,B+,B+,B+,B,-,-,-,-
텔코웨어,,2020,B,D,B,B,-,-,-,-
토니모리,,2020,C,D,C,B+,-,-,-,-
티비에이치글로벌,,2020,B,C,B,B+,-,-,-,-
티에이치엔,,2020,B,B,B,B,-,-,-,-
티와이홀딩스,,2020,-,-,-,-,-,-,-,-
티웨이항공,,2020,B,C,B,B,-,-,-,-
티웨이홀딩스,,2020,C,D,B,C,-,-,-,-
티케이지휴켐스,,2020,C,B,B+,C,-,-,-,-
파미셀,,2020,B,B,C,B,-,-,-,-
팜스코,,2020,B,D,B+,B+,-,-,-,-
팜젠사이언스,,2020,C,D,B,C,-,-,-,-
팬오션,,2020,B+,B,B,A,-,-,B,-
퍼스텍,,2020,C,B,B,C,-,-,-,-
퍼시스,,2020,B,B,B,B,-,-,-,-
페이퍼코리아,,2020,C,C,B,C,-,-,-,-
평화산업,,2020,B,B,B,B,-,-,-,-
평화홀딩스,,2020,B,C,B,B+,-,-,-,-
포스코스틸리온,,2020,A,B+,A+,B+,-,-,-,-
포스코인터내셔널,,2020,A+,A,A+,A+,-,-,B,-
포스코케미칼,,2020,A,A,A+,B+,-,-,B,-
풀무원,,2020,A+,A,A+,A+,-,-,-,-
풍산,,2020,B+,B+,A,B+,-,-,-,-
풍산홀딩스,,2020,B,B,B+,B,-,-,-,-
플레이그램,,2020,C,D,C,C,-,-,-,-
하나금융지주,,2020,A,A,A,A,-,-,BBB,-
하나제약,,2020,B,D,B,B+,-,-,-,-
하나투어,,2020,B,D,B,B,-,-,-,-
하이브,,2020,-,-,-,-,-,-,-,-
하이스틸,,2020,B,B,C,B,-,-,-,-
하이트론씨스템즈,,2020,B,D,B,B+,-,-,-,-
하이트진로,,2020,B,B,B,B,-,-,-,-
하이트진로홀딩스,,2020,B,C,B,B,-,-,-,-
한국가스공사,,2020,A,B+,A+,B+,-,-,BB,-
한국공항,,2020,C,D,B,B,-,-,-,-
한국금융지주,,2020,B,D,B+,B+,-,-,CCC,-
한국내화,,2020,C,C,B,D,-,-,-,-
한국단자공업,,2020,C,C,B,B,-,-,-,-
한국석유공업,,2020,C,C,C,B,-,-,-,-
한국수출포장공업,,2020,B,B,C,B,-,-,-,-
한국쉘석유,,2020,B,C,B+,B,-,-,-,-
한국앤컴퍼니,,2020,B,B+,B+,B,-,-,-,-
한국자산신탁,,2020,C,D,B,C,-,-,-,-
한국전력공사,,2020,A,B+,A,A,-,-,BB,-
한국전자홀딩스,,2020,C,C,B,C,-,-,-,-
한국조선해양,,2020,B+,B+,C,A,-,-,CCC,-
한국종합기술,,2020,B,B,C,B,-,-,-,-
한국주강,,2020,C,D,C,C,-,-,-,-
한국주철관공업,,2020,C,C,C,B,-,-,-,-
한국철강,,2020,C,B+,B,C,-,-,-,-
한국카본,,2020,B+,B,B,B+,-,-,-,-
한국콜마,,2020,B+,B,B+,B+,-,-,-,-
한국콜마홀딩스,,2020,B,B,B,B,-,-,-,-
한국타이어앤테크놀로지,,2020,B+,A,A,B,-,-,BBB,-
한국토지신탁,,2020,C,D,B,C,-,-,-,-
한국특강,,2020,B,B,B,B,-,-,-,-
한국프랜지공업,,2020,C,B,B+,C,-,-,-,-
한국항공우주,,2020,A,A,A+,B+,-,-,BB,-
한국화장품,,2020,B,D,B+,B,-,-,-,-
한국화장품제조,,2020,C,D,B,B,-,-,-,-
한농화성,,2020,C,C,C,B,-,-,-,-
한독,,2020,B+,B+,B+,B,-,-,-,-
한미글로벌,,2020,B+,B,B+,B+,-,-,-,-
한미반도체,,2020,C,D,C,B,-,-,-,-
한미사이언스,,2020,B,B,B,B,-,-,-,-
한미약품,,2020,A,B+,A+,B+,-,-,BB,-
한샘,,2020,B+,B+,A+,B,-,-,-,-
한섬,,2020,A,B+,A,A,-,-,-,-
한성기업,,2020,C,D,B,C,-,-,-,-
한세실업,,2020,B,C,B,B+,-,-,-,-
한세엠케이,,2020,C,C,C,B,-,-,-,-
한세예스24홀딩스,,2020,B,C,B,B,-,-,-,-
한솔로지스틱스,,2020,B+,B,B+,A,-,-,-,-
한솔제지,,2020,A,A,A,A,-,-,-,-
한솔케미칼,,2020,B+,B,B+,B+,-,-,-,-
한솔테크닉스,,2020,B+,B+,B+,A,-,-,-,-
한솔피엔에스,,2020,A,B+,B+,A,-,-,-,-
한솔홀딩스,,2020,A,B+,A,A,-,-,-,-
한솔홈데코,,2020,B+,B,B+,A,-,-,-,-
한신공영,,2020,C,C,B,B,-,-,-,-
한신기계공업,,2020,C,B,C,C,-,-,-,-
한양증권,,2020,C,D,B+,C,-,-,-,-
한온시스템,,2020,B,B,B,B+,-,-,BBB,-
한올바이오파마,,2020,B,D,B+,B,-,-,-,-
한익스프레스,,2020,C,B,C,D,-,-,-,-
한일시멘트,,2020,B,C,B+,B,-,-,-,-
한일철강,,2020,D,D,D,C,-,-,-,-
한일현대시멘트,,2020,B+,B,B+,B+,-,-,-,-
한일홀딩스,,2020,B,D,B+,B+,-,-,-,-
한전KPS,,2020,B+,B+,A,B+,-,-,-,-
한전기술,,2020,B+,B+,A,B+,-,-,-,-
한전산업,,2020,B+,B,B+,B+,-,-,-,-
한진,,2020,B,B,C,B+,-,-,-,-
한진중공업홀딩스,,2020,B,D,C,B+,-,-,-,-
한진칼,,2020,B+,B,B,A,-,-,-,-
한창,,2020,C,D,B,C,-,-,-,-
한창제지,,2020,B,B,C,B,-,-,-,-
한화,,2020,A,B+,A,A,-,-,BBB,-
한화생명,,2020,A,A,A+,B+,-,-,B,-
한화손해보험,,2020,B+,B,A,B,-,-,-,-
한화솔루션,,2020,B+,A,A,B,-,-,BBB,-
한화시스템,,2020,-,-,-,-,-,-,-,-
한화에어로스페이스,,2020,A,A,A,A,-,-,-,-
한화투자증권,,2020,B+,B,A,B+,-,-,-,-
해성디에스,,2020,A,A,A,A,-,-,-,-
해태제과식품,,2020,B,D,B+,B,-,-,-,-
핸즈코퍼레이션,,2020,B,B,B,B+,-,-,-,-
현대건설,,2020,A,A+,A,A,-,-,B,-
현대건설기계,,2020,A,B+,A,A,-,-,-,-
현대그린푸드,,2020,A,B+,A,A,-,-,-,-
현대글로비스,,2020,A,A,A+,A,-,-,BB,-
현대두산인프라코어,,2020,A,A,A+,A,-,-,-,-
현대로템,,2020,B+,B,A,B+,-,-,-,-
현대리바트,,2020,A,B,A,A,-,-,-,-
현대모비스,,2020,A,B+,A+,A,-,-,B,-
현대미포조선,,2020,A,A,A+,A,-,-,-,-
현대백화점,,2020,A,B+,A,A,-,-,CCC,-
현대비앤지스틸,,2020,B+,B+,A,B+,-,-,-,-
현대약품,,2020,B,B,B+,B,-,-,-,-
현대에너지솔루션,,2020,-,-,-,-,-,-,-,-
현대엘리베이터,,2020,A,B+,A,A,-,-,-,-
현대오토에버,,2020,-,-,-,-,-,-,-,-
현대위아,,2020,A,A,A+,A,-,-,-,-
현대일렉트릭,,2020,A,A,A+,A,-,-,-,-
현대자동차,,2020,A,A,A+,A,-,-,B,-
현대제철,,2020,B+,B+,B,B+,-,-,CCC,-
현대중공업,,2020,-,-,-,-,-,-,-,-
현대차증권,,2020,A,B,A+,A,-,-,-,-
현대코퍼레이션,,2020,B,D,B,B,-,-,-,-
현대코퍼레이션홀딩스,,2020,C,D,C,B,-,-,-,-
현대퓨처넷,,2020,B+,C,A,A,-,-,-,-
현대해상,,2020,A,B+,A,A,-,-,A,-
현대홈쇼핑,,2020,A,A,A,A,-,-,-,-
형지엘리트,,2020,C,D,B,C,-,-,-,-
혜인,,2020,C,B,C,C,-,-,-,-
호전실업,,2020,C,D,C,B+,-,-,-,-
호텔신라,,2020,A,A,A,A,-,-,BB,-
화성산업,,2020,B,C,B,B+,-,-,-,-
화승엔터프라이즈,,2020,B+,B+,B,A,-,-,-,-
화승인더스트리,,2020,B,B,B,B+,-,-,-,-
화승코퍼레이션,,2020,B+,B+,B,B+,-,-,-,-
화신,,2020,C,D,B+,B,-,-,-,-
화인베스틸,,2020,B,B,C,B,-,-,-,-
화천기계,,2020,C,B,B,C,-,-,-,-
화천기공,,2020,C,D,C,B,-,-,-,-
환인제약,,2020,B,D,B+,B+,-,-,-,-
황금에스티,,2020,D,D,C,C,-,-,-,-
효성,,2020,B+,A,A+,B,-,-,-,-
효성 ITX,,2020,B+,C,B+,B+,-,-,-,-
효성중공업,,2020,A,A,A+,A,-,-,-,-
효성첨단소재,,2020,A+,A+,A+,A,-,-,-,-
효성티앤씨,,2020,A+,A+,A+,A,-,-,-,-
효성화학,,2020,A+,A+,A+,A,-,-,-,-
후성,,2020,C,B,C,C,-,-,-,-
휠라홀딩스,,2020,B+,B,B+,B+,-,-,BB,-
휴니드테크놀러지스,,2020,C,C,B,B,-,-,-,-
휴비스,,2020,B+,B+,B+,B+,-,-,-,-
휴스틸,,2020,C,B,B,C,-,-,-,-
흥국화재,,2020,B,D,A,B,-,-,-,-
흥아해운,,2020,D,D,C,D,-,-,-,-
